1,1,52700,148,21,1010.240851567074,778.3755676697169,26.44243504994311,,2-3-4-5-6-7
1,2,19000,139,71,1132.4240307961004,566.4217911544679,9.431788594828861,1,3-4-5-6-7
1,3,4000,141,61,1081.9000786484917,552.1766098973009,2.4463166972849657,2-1,4-5-6-7
1,4,1800,136,20,1384.0898541458039,928.1906602545282,0.30593286963766464,3-2-1,5-6-7
1,5,18800,134,30,1247.075303530559,588.6098879043737,9.310961226987745,4-3-2-1,6-7
1,6,2500,130,76,1040.5052203139255,566.9236794519418,1.4754823955837617,5-4-3-2-1,7
1,7,900,146,74,1487.8055881301445,609.6806090380574,0.34362523781870474,6-5-4-3-2-1,
2,1,52500,141,40,1426.2785320901946,841.055761616401,26.309781338960487,,2-3-4-5-6-7
2,2,18000,133,42,1245.812917044481,551.7778346385599,9.419221295795918,1,3-4-5-6-7
2,3,4200,130,73,1188.4181113973561,504.0236809545207,2.4301139611526157,2-1,4-5-6-7
2,4,1900,131,87,1369.1639136646804,642.53892917779,0.4385310000451534,3-2-1,5-6-7
2,5,18500,142,55,1303.906963543582,941.1079076898944,9.369471470633682,4-3-2-1,6-7
2,6,2900,135,73,1139.169284695606,859.5747721380769,1.4266310148922474,5-4-3-2-1,7
2,7,900,145,53,1128.2355084924536,942.303179376257,0.3222416456916897,6-5-4-3-2-1,
3,1,53000,141,91,1148.5329154052808,795.6517206068368,26.45172232758715,,2-3-4-5-6-7
3,2,18600,132,61,1417.301988566102,556.1770642045522,9.403019557881146,1,3-4-5-6-7
3,3,3000,134,77,1208.014388072013,937.4940271365984,1.4453773587542447,2-1,4-5-6-7
3,4,2000,141,30,1400.7049136319297,935.8719743542123,1.418004894198023,3-2-1,5-6-7
3,5,18600,138,29,1434.8089702183706,534.9831106927041,9.435733411882667,4-3-2-1,6-7
3,6,2900,149,97,1233.9967977404253,968.7311896325589,1.4104676882177816,5-4-3-2-1,7
3,7,900,138,32,1217.8938486569177,689.5809124807055,0.39705742888792533,6-5-4-3-2-1,
4,1,57300,131,75,1037.5071774997518,879.7319222871151,28.315738316135178,,2-3-4-5-6-7
4,2,17300,137,84,1063.0245550760033,783.3052031293157,8.31249002676366,1,3-4-5-6-7
4,3,3300,141,58,1294.5047604672732,631.5364148739508,1.3540959597897753,2-1,4-5-6-7
4,4,1800,143,25,1009.5260567804423,751.3780263964552,0.42718956152992127,3-2-1,5-6-7
4,5,20000,140,91,1233.7742668265353,642.8287760242516,10.420092500626627,4-3-2-1,6-7
4,6,2600,134,41,1205.6824092668203,942.1654382157567,1.4992840994433656,5-4-3-2-1,7
4,7,700,130,64,1449.8658534932174,575.8338736833987,0.4342324317062455,6-5-4-3-2-1,
5,1,59000,150,97,1174.5477050655775,975.1345524661103,29.394448963660235,,2-3-4-5-6-7
5,2,19900,138,46,1368.4715566740008,797.2837359674211,9.332347421268246,1,3-4-5-6-7
5,3,4300,137,60,1243.2507034880653,542.7171797663866,2.486876355434462,2-1,4-5-6-7
5,4,1800,149,21,1075.4652268288019,919.1378246941358,0.4847376111385036,3-2-1,5-6-7
5,5,18300,147,66,1373.997542297213,978.7292323586016,9.457248847199315,4-3-2-1,6-7
5,6,3000,135,27,1311.3630271176223,854.6872797103026,1.4771888952627854,5-4-3-2-1,7
5,7,700,134,32,1492.0517869916657,751.3705850788319,0.36220046886763513,6-5-4-3-2-1,
6,1,59700,142,88,1480.498289840187,754.1732577366355,29.491815008561616,,2-3-4-5-6-7
6,2,19000,141,33,1357.3577487951839,501.2842480854594,9.40853644091818,1,3-4-5-6-7
6,3,5000,131,54,1323.2016504045325,892.6389587874087,2.3476507139370484,2-1,4-5-6-7
6,4,1100,140,51,1123.685823349685,763.0179797994199,0.4997718111270894,3-2-1,5-6-7
6,5,17600,141,49,1369.010830400294,850.2442294654862,8.441964998332402,4-3-2-1,6-7
6,6,2000,139,92,1204.9594624716337,666.4621303524133,1.4188945820634373,5-4-3-2-1,7
6,7,700,145,82,1296.1451427363882,781.0565623054638,0.35597832503244586,6-5-4-3-2-1,
7,1,53900,136,23,1042.1459205913222,642.2197593951792,26.446966687212974,,2-3-4-5-6-7
7,2,19400,147,82,1097.7207968885475,755.1829471648632,9.341655980916817,1,3-4-5-6-7
7,3,3200,148,32,1217.1709875951074,685.7233523998038,1.3496014556806861,2-1,4-5-6-7
7,4,2000,138,77,1086.0755218981435,935.1795844499054,1.3098374358361344,3-2-1,5-6-7
7,5,18200,131,20,1431.9534918908716,764.1147807229556,9.330696240635374,4-3-2-1,6-7
7,6,2800,150,70,1011.913261293458,982.0922525856668,1.4288306867787228,5-4-3-2-1,7
7,7,800,132,65,1220.749254917603,632.8401315696235,0.30625404402086215,6-5-4-3-2-1,
8,1,59900,131,37,1178.33748500446,664.0073442788195,29.420165974782257,,2-3-4-5-6-7
8,2,17700,141,29,1286.6697417754622,755.0370617789629,8.396398258362451,1,3-4-5-6-7
8,3,4200,138,64,1256.7313622994402,945.6267357077253,2.4169326758834617,2-1,4-5-6-7
8,4,1800,131,86,1467.3829814475835,531.5931888671009,0.4312745812541642,3-2-1,5-6-7
8,5,17000,142,100,1199.3916628086408,718.8141343141606,8.469414929961022,4-3-2-1,6-7
8,6,2100,138,90,1031.9910399631433,681.4548743792204,1.4528777876437242,5-4-3-2-1,7
8,7,1000,148,95,1128.7799373658875,724.9156630475808,0.36561988738032014,6-5-4-3-2-1,
9,1,57500,138,84,1452.5211410079348,719.1318411294043,28.416391232456775,,2-3-4-5-6-7
9,2,19500,144,31,1380.3479948897686,936.5573255554957,9.37193973974053,1,3-4-5-6-7
9,3,4400,144,57,1331.419027681689,975.1437170536237,2.489108371254023,2-1,4-5-6-7
9,4,1000,148,23,1186.8124122400395,734.3311538175934,0.3649743049351919,3-2-1,5-6-7
9,5,17600,145,26,1237.8833478315269,815.107705079558,8.34684212011296,4-3-2-1,6-7
9,6,2400,142,25,1074.5268035631284,810.7190445694156,1.3651050934059343,5-4-3-2-1,7
9,7,900,140,34,1245.9692140442958,649.0496950344601,0.34008305136275874,6-5-4-3-2-1,
10,1,56300,142,89,1052.7768970803443,802.942480324601,28.484843087962837,,2-3-4-5-6-7
10,2,18100,135,76,1413.5995086702915,853.0939667157884,9.387410097722748,1,3-4-5-6-7
10,3,3700,136,39,1200.8062655083647,942.9537727994402,1.3108821821736094,2-1,4-5-6-7
10,4,1800,134,51,1180.1997445330428,663.7188950642592,0.4755860053556995,3-2-1,5-6-7
10,5,19500,149,79,1038.6265535812495,558.6594589371185,9.497351269876415,4-3-2-1,6-7
10,6,2900,146,63,1356.6959137277845,505.99387870623576,1.4366401855018027,5-4-3-2-1,7
10,7,900,140,37,1241.9923420420787,891.4578008845082,0.4377123401838735,6-5-4-3-2-1,
11,1,51400,134,31,1177.6647192933897,755.2306100147366,25.35146813185756,,2-3-4-5-6-7
11,2,19300,134,89,1309.785808312804,673.0115957964118,9.391194934762465,1,3-4-5-6-7
11,3,3500,136,91,1320.8590949435277,567.3274365415194,1.320109470451191,2-1,4-5-6-7
11,4,1700,138,43,1086.5836675991736,556.6567280724006,0.3424366146918536,3-2-1,5-6-7
11,5,19400,141,96,1095.9323826417144,868.8591528364677,9.420252156098224,4-3-2-1,6-7
11,6,2600,134,44,1236.0542115308026,781.6785676665725,1.472184344206656,5-4-3-2-1,7
11,7,800,150,63,1417.8646518012533,983.1586333283208,0.3331683336361795,6-5-4-3-2-1,
12,1,56600,138,50,1140.844314949122,643.715889270185,28.46874090777252,,2-3-4-5-6-7
12,2,19900,137,78,1427.241406862309,835.7722117555306,9.427547779072672,1,3-4-5-6-7
12,3,3700,146,45,1177.3116565626285,946.4831087662598,1.4917113260697688,2-1,4-5-6-7
12,4,1400,142,85,1402.614195294917,811.7804122080815,0.477216104938134,3-2-1,5-6-7
12,5,19200,145,28,1361.762005958069,952.5425387660198,9.437897302262607,4-3-2-1,6-7
12,6,2300,144,37,1263.1096046709583,666.9726961875722,1.3484870798799942,5-4-3-2-1,7
12,7,700,146,75,1441.959399921652,994.166308536566,0.4777245588010962,6-5-4-3-2-1,
13,1,58200,150,59,1192.0187180000803,570.3009028260889,29.34681675775427,,2-3-4-5-6-7
13,2,17000,147,37,1377.589733650243,906.7383625850387,8.488918698699162,1,3-4-5-6-7
13,3,4700,133,68,1131.9527094771656,964.5028362022576,2.3588269224236806,2-1,4-5-6-7
13,4,1700,146,85,1473.402261493803,581.0654243561265,0.464768425416613,3-2-1,5-6-7
13,5,17200,130,22,1333.4484848624966,981.823236913066,8.310955607904052,4-3-2-1,6-7
13,6,2400,137,90,1439.789878382691,712.8929467540669,1.38260509920898,5-4-3-2-1,7
13,7,800,132,56,1402.4770160535038,986.2989348250778,0.4049346258166985,6-5-4-3-2-1,
14,1,53200,149,68,1184.999594251039,656.6587483908589,26.38394362074317,,2-3-4-5-6-7
14,2,17100,137,61,1256.654284651277,825.0896213578449,8.437103847171558,1,3-4-5-6-7
14,3,4300,148,41,1301.203280322516,714.1636830632265,2.470163784016315,2-1,4-5-6-7
14,4,1200,135,23,1268.5700059432738,867.8240329147458,0.4265545601476811,3-2-1,5-6-7
14,5,18200,148,31,1010.680203581305,525.6042304284142,9.447953160139878,4-3-2-1,6-7
14,6,2300,133,60,1234.5089651958808,621.3286319005765,1.4293220861049667,5-4-3-2-1,7
14,7,700,135,64,1080.919266351131,902.0390656747692,0.30100860985796163,6-5-4-3-2-1,
15,1,56000,136,88,1073.748408869976,742.6593770257019,28.36688133590635,,2-3-4-5-6-7
15,2,19000,150,57,1340.499698326985,731.8835762830256,9.301411213119056,1,3-4-5-6-7
15,3,4500,146,77,1123.2415706274596,703.0612371261213,2.4754842778836443,2-1,4-5-6-7
15,4,1700,148,84,1101.6859623847683,918.0427417905832,0.4566851437027492,3-2-1,5-6-7
15,5,17900,148,24,1366.4615032598635,969.2756179849907,8.346032139732587,4-3-2-1,6-7
15,6,2100,142,39,1063.2955727894832,836.4177538010024,1.3065888063106463,5-4-3-2-1,7
15,7,700,131,20,1416.2085142899323,803.1065000729415,0.4404376095690049,6-5-4-3-2-1,
16,1,59000,150,27,1400.817146814878,522.0553088363172,29.309520327734653,,2-3-4-5-6-7
16,2,19500,133,94,1471.004726326982,824.6419647817299,9.44602985588741,1,3-4-5-6-7
16,3,4900,135,89,1213.1933665385284,663.2995618429804,2.4532666668265652,2-1,4-5-6-7
16,4,1700,150,75,1172.514033232809,716.3227096350745,0.49426395462374617,3-2-1,5-6-7
16,5,17100,138,74,1128.53128889149,509.48524943385365,8.411501187631536,4-3-2-1,6-7
16,6,2800,144,28,1369.3600676622573,531.8681077763534,1.4151252443901072,5-4-3-2-1,7
16,7,1000,139,49,1071.9695435566452,664.3689346854309,0.44833865039038884,6-5-4-3-2-1,
17,1,56500,142,60,1348.8077147352922,701.5625084278494,28.43320627958636,,2-3-4-5-6-7
17,2,18800,143,79,1107.3265566844282,899.3300156895218,9.335691376177955,1,3-4-5-6-7
17,3,4400,134,74,1053.1212369802506,563.8892545607027,2.3457630188368426,2-1,4-5-6-7
17,4,1700,147,73,1350.9500128409045,743.1459105901245,0.45867904147837557,3-2-1,5-6-7
17,5,17600,142,48,1373.1529655064571,708.6260426199195,8.437238981574806,4-3-2-1,6-7
17,6,2700,147,65,1404.291881959874,787.9292371816388,1.4751431604382477,5-4-3-2-1,7
17,7,800,133,60,1353.740241140455,653.7964064075004,0.39777429081085625,6-5-4-3-2-1,
18,1,57200,138,51,1242.9434584318665,998.4313585768405,28.316700786494888,,2-3-4-5-6-7
18,2,18000,150,59,1278.6708354977593,786.3271254832906,9.375728245059443,1,3-4-5-6-7
18,3,4400,146,27,1051.8716935470025,920.9921330484448,2.3604088236878824,2-1,4-5-6-7
18,4,2000,137,24,1065.6254948328171,936.4534222207056,1.4523229752588072,3-2-1,5-6-7
18,5,17200,147,91,1397.8798677026737,648.715295318488,8.464914273709411,4-3-2-1,6-7
18,6,2700,135,39,1146.2194417671142,754.9387021356371,1.3596258420785223,5-4-3-2-1,7
18,7,900,135,40,1496.9451213657567,503.2039537147027,0.41035462947861856,6-5-4-3-2-1,
19,1,52700,131,47,1198.637263309652,958.1549545025528,26.341572129930608,,2-3-4-5-6-7
19,2,17800,142,54,1046.906290218346,649.3355785747766,8.337595549299765,1,3-4-5-6-7
19,3,4700,136,31,1463.9984163209492,840.5338017637571,2.4721843255346996,2-1,4-5-6-7
19,4,2000,138,54,1330.8630837907822,856.1411262690247,1.362648541992428,3-2-1,5-6-7
19,5,18000,138,52,1474.280599893737,726.7118289514583,9.404527249915226,4-3-2-1,6-7
19,6,2600,145,21,1047.3276967065083,961.0562338098973,1.4372711237814269,5-4-3-2-1,7
19,7,800,131,24,1492.102527111479,810.3785646438203,0.44048737851759406,6-5-4-3-2-1,
20,1,59100,144,61,1291.3875575694628,811.5219963677333,29.4642312068314,,2-3-4-5-6-7
20,2,18100,141,72,1160.730584531501,855.1068628520159,9.365645776160322,1,3-4-5-6-7
20,3,3800,134,67,1442.241229740766,967.7486170211166,1.4541564892204346,2-1,4-5-6-7
20,4,1600,149,76,1492.659048097344,997.5717024834009,0.30333635527572156,3-2-1,5-6-7
20,5,18000,134,51,1023.7590870750067,660.5346267257293,9.497970696585789,4-3-2-1,6-7
20,6,3000,144,61,1089.1230267369306,967.8689165667997,1.4087707454880158,5-4-3-2-1,7
20,7,1000,143,40,1413.5742708006778,628.5001520592336,0.3527894973982044,6-5-4-3-2-1,
21,1,54800,144,55,1067.5774047832258,924.4178068808277,27.361236022030635,,2-3-4-5-6-7
21,2,17300,132,42,1154.087667039165,628.1662755774761,8.499261750875881,1,3-4-5-6-7
21,3,3700,138,39,1469.1567070155297,978.393411481399,1.4705130948439376,2-1,4-5-6-7
21,4,1700,135,20,1039.2377700613633,935.1552256931435,0.36743058184445654,3-2-1,5-6-7
21,5,18800,130,33,1345.609772472338,605.4378012697557,9.477314128308098,4-3-2-1,6-7
21,6,2100,145,29,1249.1356053332875,730.1177254457547,1.4573109084864484,5-4-3-2-1,7
21,7,900,131,57,1394.0276746995257,646.737337187992,0.4782493743077022,6-5-4-3-2-1,
22,1,57100,131,84,1427.5723004913934,962.763926949172,28.35032211657904,,2-3-4-5-6-7
22,2,19300,131,71,1273.6771639736435,839.0907844180481,9.494717484131206,1,3-4-5-6-7
22,3,3400,140,90,1462.6023706703293,994.5446731193122,1.4690343841561713,2-1,4-5-6-7
22,4,1900,136,63,1175.1066489270088,812.2052177262808,0.33399360205910317,3-2-1,5-6-7
22,5,18800,138,60,1215.5510633302647,844.9001870529507,9.374128780014976,4-3-2-1,6-7
22,6,2100,137,86,1046.5086588155673,814.0670470494247,1.3889114967162048,5-4-3-2-1,7
22,7,1000,148,46,1182.1945974949715,781.3714066766515,0.3976135544406576,6-5-4-3-2-1,
23,1,55900,141,53,1489.94839515979,937.7433531988147,27.414330457947905,,2-3-4-5-6-7
23,2,18300,133,72,1328.413910293807,934.9514751355414,9.430134883055743,1,3-4-5-6-7
23,3,3800,148,73,1084.1388190431308,508.13163317020263,1.4659384710300065,2-1,4-5-6-7
23,4,1400,150,31,1064.0328816298559,683.1360819025498,0.49899509283072363,3-2-1,5-6-7
23,5,19300,140,62,1308.418732768046,972.553221854168,9.373715175175185,4-3-2-1,6-7
23,6,2500,149,77,1238.9306393261404,739.0123116830283,1.448027977625747,5-4-3-2-1,7
23,7,900,137,54,1469.7814304288713,753.4992854393494,0.39530711652577155,6-5-4-3-2-1,
24,1,56100,134,23,1342.9151281693355,947.5617292927309,28.43992940277124,,2-3-4-5-6-7
24,2,18600,141,94,1065.5384034716108,724.934959512683,9.484722415209974,1,3-4-5-6-7
24,3,3100,148,74,1059.985821917851,771.7139107091256,1.3338737511299656,2-1,4-5-6-7
24,4,1300,134,73,1067.0786381681714,607.6385280647197,0.40350444282935083,3-2-1,5-6-7
24,5,19600,142,51,1175.214023665033,846.0511695198725,9.339690678777185,4-3-2-1,6-7
24,6,3000,149,37,1232.7615061093404,923.5964504282401,1.4460211714393307,5-4-3-2-1,7
24,7,900,149,91,1386.910355938918,628.1197762239719,0.3378587557318057,6-5-4-3-2-1,
25,1,51500,146,53,1271.1882999029822,948.825794609997,25.46308875683058,,2-3-4-5-6-7
25,2,17800,150,96,1122.7002967094675,592.8913930496794,8.407971988499487,1,3-4-5-6-7
25,3,3500,131,41,1186.0828820458355,771.1504414331978,1.3355802431335695,2-1,4-5-6-7
25,4,1400,139,29,1234.8520957857372,939.959200158731,0.4467669074537845,3-2-1,5-6-7
25,5,18400,130,22,1175.670219879188,561.1913283866579,9.360917832052719,4-3-2-1,6-7
25,6,2600,131,61,1103.322355176038,880.0857576123324,1.3807495083003023,5-4-3-2-1,7
25,7,700,133,23,1432.283920787453,697.0229499650976,0.36063906954506697,6-5-4-3-2-1,
26,1,51000,148,88,1136.2266395284694,963.0817177860172,25.359319597550037,,2-3-4-5-6-7
26,2,18300,139,43,1014.4440831809602,540.4649920685048,9.440101613376438,1,3-4-5-6-7
26,3,4400,138,57,1086.3262985762497,582.5633532249427,2.312241313434723,2-1,4-5-6-7
26,4,1500,142,35,1378.9958797393024,826.0977950991722,0.4303443134694591,3-2-1,5-6-7
26,5,18500,134,69,1376.9484085070549,733.8277331393756,9.431629415944634,4-3-2-1,6-7
26,6,2900,147,95,1311.6188609742915,718.4807636356289,1.4767895673246156,5-4-3-2-1,7
26,7,1000,146,57,1130.0287471205331,994.6299529460093,0.34140337338648696,6-5-4-3-2-1,
27,1,59300,132,22,1196.8288181505857,792.9305710374894,29.464305252079917,,2-3-4-5-6-7
27,2,17700,131,85,1492.6796838203898,885.7015874329732,8.340550516728586,1,3-4-5-6-7
27,3,3100,148,92,1095.3980094303909,955.4808751016953,1.3330694606097606,2-1,4-5-6-7
27,4,1400,144,26,1371.15826316984,889.6573841014115,0.45743797232853367,3-2-1,5-6-7
27,5,18600,131,24,1089.6160124490289,953.6955774730283,9.388093244190326,4-3-2-1,6-7
27,6,2200,132,45,1141.507246273793,703.4972370974408,1.4128971970018034,5-4-3-2-1,7
27,7,700,146,72,1356.8310053688365,535.9903998313519,0.42106472987430693,6-5-4-3-2-1,
28,1,54200,145,36,1065.4847968329852,529.4628522737597,27.45988535749277,,2-3-4-5-6-7
28,2,18400,150,24,1178.6146828199326,822.3612042365609,9.31477064877832,1,3-4-5-6-7
28,3,5000,141,44,1306.1496790090016,685.7960804021652,2.4217705762294734,2-1,4-5-6-7
28,4,1900,131,43,1239.6869661359237,518.2956392902483,0.34994880021480795,3-2-1,5-6-7
28,5,17600,149,89,1322.8704118158355,639.2789127736163,8.402795757812637,4-3-2-1,6-7
28,6,2100,141,84,1093.9133605744676,943.3170021015247,1.4114449152614301,5-4-3-2-1,7
28,7,900,143,88,1338.3442415043596,916.4857644664193,0.47475337978671467,6-5-4-3-2-1,
29,1,58900,145,36,1440.3411750743528,660.683603405178,29.490724321472324,,2-3-4-5-6-7
29,2,17200,135,71,1426.436154058883,776.2292906487014,8.411915900345354,1,3-4-5-6-7
29,3,3600,140,68,1444.1454485811587,865.9433999617179,1.3471993109501557,2-1,4-5-6-7
29,4,1200,134,54,1169.5985659484736,633.1518177640198,0.49050467908527157,3-2-1,5-6-7
29,5,19000,145,76,1363.5953214463775,718.9232847682644,9.319676054365761,4-3-2-1,6-7
29,6,2700,142,90,1078.409959212424,704.3861076433742,1.3044112556363985,5-4-3-2-1,7
29,7,700,134,89,1005.2585656981149,971.0216331379951,0.3871824195439054,6-5-4-3-2-1,
30,1,59200,148,37,1421.354340671074,759.4953397644476,29.42751513936414,,2-3-4-5-6-7
30,2,19200,147,46,1398.462870807349,991.7926201844393,9.486946319276313,1,3-4-5-6-7
30,3,3200,148,74,1195.2138162981198,939.4524986863951,1.3457877265987594,2-1,4-5-6-7
30,4,1400,142,31,1419.967466745597,591.1550668068343,0.408238976527674,3-2-1,5-6-7
30,5,18400,142,44,1370.6379031177523,891.6120434920809,9.422927553299642,4-3-2-1,6-7
30,6,2500,146,50,1446.5570023727541,916.354362718751,1.4846849894852712,5-4-3-2-1,7
30,7,700,147,91,1012.4717280515503,770.2488990626282,0.3585034513840533,6-5-4-3-2-1,
31,1,51100,133,71,1040.0484759761407,630.2223034809919,25.34377085177513,,2-3-4-5-6-7
31,2,20000,132,38,1243.0565490444126,643.99359257564,10.342707322130389,1,3-4-5-6-7
31,3,4100,150,81,1381.9321109680363,901.4022207998162,2.37632576719684,2-1,4-5-6-7
31,4,1400,146,61,1115.825606044724,761.5685472392611,0.37811428610870945,3-2-1,5-6-7
31,5,19800,143,33,1440.0731740194658,700.2655285513646,9.404030257805909,4-3-2-1,6-7
31,6,2900,149,84,1259.0207121262704,932.6492129846231,1.3025989953689041,5-4-3-2-1,7
31,7,900,145,43,1096.894062546609,687.8875021296767,0.3045225897868054,6-5-4-3-2-1,
32,1,58300,150,47,1361.9839761604985,984.6938050867507,29.45993117449527,,2-3-4-5-6-7
32,2,17800,147,94,1356.881809017871,745.5340261511676,8.36133965082704,1,3-4-5-6-7
32,3,3300,146,91,1216.0209081780877,588.8236746632925,1.4082887127166437,2-1,4-5-6-7
32,4,1000,131,80,1327.8252642975763,747.0442681690046,0.4541278832230974,3-2-1,5-6-7
32,5,18200,145,21,1209.4628733084276,713.5548395426385,9.371911177255942,4-3-2-1,6-7
32,6,2500,148,67,1247.825848859612,597.5143341067434,1.4967376884492043,5-4-3-2-1,7
32,7,700,147,21,1187.0397595398183,908.560234314823,0.4874718673163247,6-5-4-3-2-1,
33,1,57600,134,26,1031.7328858048213,668.8778946984118,28.351684448763567,,2-3-4-5-6-7
33,2,17200,149,30,1471.8210139453354,965.2501603034771,8.401305909858495,1,3-4-5-6-7
33,3,3100,132,43,1484.9404265604655,920.4361722177528,1.4097838140061825,2-1,4-5-6-7
33,4,1100,145,21,1292.0980512070394,684.1201880868398,0.4600729862089051,3-2-1,5-6-7
33,5,17500,147,26,1204.2530087626772,859.3207343172769,8.416712952799541,4-3-2-1,6-7
33,6,2300,150,25,1377.2897093785512,903.8778982328399,1.4912745016352646,5-4-3-2-1,7
33,7,700,142,50,1357.0289433466737,755.240206311954,0.3158358303586586,6-5-4-3-2-1,
34,1,56500,147,91,1053.9748243451327,977.0078658068138,28.490970640019942,,2-3-4-5-6-7
34,2,17500,150,44,1419.641757551748,570.5335955671414,8.373910309624371,1,3-4-5-6-7
34,3,3000,138,60,1063.3418849970378,858.054630048847,1.4929094426973561,2-1,4-5-6-7
34,4,1000,149,41,1063.5813510691335,757.7455502154573,0.4805916434801687,3-2-1,5-6-7
34,5,18900,144,91,1121.7040450494708,949.6704133479743,9.462906348412258,4-3-2-1,6-7
34,6,2100,147,51,1018.6202214096402,718.2125949223059,1.3216406657742903,5-4-3-2-1,7
34,7,900,143,45,1103.0350624371729,927.3663891428773,0.36344124510477144,6-5-4-3-2-1,
35,1,54700,132,21,1146.1113167009332,905.2579139475434,27.342613337800103,,2-3-4-5-6-7
35,2,17600,132,92,1421.242000992242,968.7926146237473,8.316946426704414,1,3-4-5-6-7
35,3,3600,133,84,1271.0658083494263,792.6998072163892,1.3478578780989794,2-1,4-5-6-7
35,4,1800,135,88,1316.51720745779,879.0708809702235,0.43823511160206774,3-2-1,5-6-7
35,5,19600,140,75,1415.9092495323598,569.9534910769263,9.465640921246807,4-3-2-1,6-7
35,6,2000,135,58,1235.8144087690994,755.3187863027438,1.3168663413837471,5-4-3-2-1,7
35,7,1000,148,30,1086.8744770153482,755.8702333983067,0.3787389178549879,6-5-4-3-2-1,
36,1,55900,147,92,1150.165047416479,983.4107253155885,27.366510422206552,,2-3-4-5-6-7
36,2,18400,145,38,1133.6707563682444,653.866916416011,9.3599155429086,1,3-4-5-6-7
36,3,3900,132,36,1417.209847814153,815.784215754637,1.3857878181896215,2-1,4-5-6-7
36,4,1200,135,21,1046.9811143990053,669.1187855154561,0.4685344891268164,3-2-1,5-6-7
36,5,18400,137,61,1375.6144166566844,578.9930383929608,9.303623435092998,4-3-2-1,6-7
36,6,2500,136,38,1265.2083397880203,594.6945574547045,1.3962038916484134,5-4-3-2-1,7
36,7,700,150,58,1360.494609293673,611.6347501359553,0.4051854827029537,6-5-4-3-2-1,
37,1,59000,147,30,1042.4657573084908,780.167261462167,29.49157695095921,,2-3-4-5-6-7
37,2,18500,141,26,1160.4977550549295,744.3772727020042,9.490930384572247,1,3-4-5-6-7
37,3,3000,136,55,1266.8172375789568,545.8804947668627,1.3586338764799026,2-1,4-5-6-7
37,4,1600,130,45,1298.148041490896,849.8729084951315,0.3874975780321643,3-2-1,5-6-7
37,5,19300,136,65,1438.8902617205138,946.2098646590061,9.360560098727595,4-3-2-1,6-7
37,6,2600,150,82,1146.1446759141986,882.2905455364798,1.4927717538078669,5-4-3-2-1,7
37,7,800,147,23,1025.3021890064979,867.9446942510281,0.4712608150768961,6-5-4-3-2-1,
38,1,55300,141,80,1098.902678687386,857.6447051681546,27.452380693974483,,2-3-4-5-6-7
38,2,19600,143,38,1147.8533932589546,981.9075356926814,9.325331301411255,1,3-4-5-6-7
38,3,4700,138,33,1034.287753499671,931.8354991255703,2.3170965157932124,2-1,4-5-6-7
38,4,1400,145,91,1231.7131228448766,825.3332606158347,0.42336130375647474,3-2-1,5-6-7
38,5,18300,145,37,1337.6216802643844,965.6578172267778,9.340710962595354,4-3-2-1,6-7
38,6,3000,149,55,1261.8897047687688,683.3854953196891,1.3072500803863356,5-4-3-2-1,7
38,7,800,142,50,1172.4395732238524,910.0915519393366,0.33346530021595877,6-5-4-3-2-1,
39,1,52200,146,56,1107.8008675856117,925.3374532507535,26.355404040844995,,2-3-4-5-6-7
39,2,17400,132,88,1081.318988742058,575.7995024766236,8.49608914279892,1,3-4-5-6-7
39,3,4900,131,73,1434.779402376564,848.9733263019918,2.326228483712105,2-1,4-5-6-7
39,4,1000,141,93,1222.54358896941,976.0089772059043,0.4972849820705557,3-2-1,5-6-7
39,5,19100,139,60,1182.3298124375744,990.8877971143193,9.307673588853522,4-3-2-1,6-7
39,6,2300,131,33,1190.463080454409,528.4351875988767,1.3249498330327707,5-4-3-2-1,7
39,7,700,150,71,1238.2430477448588,781.8621999874943,0.46393054485460433,6-5-4-3-2-1,
40,1,57600,132,57,1276.939581541768,984.2148524811431,28.311257796815607,,2-3-4-5-6-7
40,2,19200,135,85,1478.2641666759955,552.857753327445,9.474405230867795,1,3-4-5-6-7
40,3,4600,149,85,1205.2120778540318,794.3653903619589,2.3484841476316154,2-1,4-5-6-7
40,4,1400,148,66,1480.562507079209,876.3744685813424,0.4967152397760819,3-2-1,5-6-7
40,5,17800,134,91,1103.5593846033476,609.8725153559994,8.368182037665353,4-3-2-1,6-7
40,6,2200,145,85,1439.1721184587927,705.8495359073903,1.4041627296360073,5-4-3-2-1,7
40,7,700,131,53,1400.6765014497196,831.6993606022843,0.4707080360852256,6-5-4-3-2-1,
41,1,51700,130,99,1227.078103721402,534.4657440517745,25.32471188708782,,2-3-4-5-6-7
41,2,19500,140,22,1322.5797803005446,737.8399979330916,9.32544363469358,1,3-4-5-6-7
41,3,3200,134,23,1124.9228812931958,699.2001756928087,1.4220596136687313,2-1,4-5-6-7
41,4,1600,140,68,1244.5870186195928,784.0251137359996,0.41342293565688015,3-2-1,5-6-7
41,5,17200,150,45,1229.8967807574545,680.8765685692836,8.49830664674794,4-3-2-1,6-7
41,6,2200,131,95,1054.4891604021489,551.0648016003232,1.4187871100023957,5-4-3-2-1,7
41,7,900,131,41,1257.5538917534645,904.0151380217278,0.36402514863143187,6-5-4-3-2-1,
42,1,57800,148,23,1011.3012278989482,644.1425854647046,28.370881799096964,,2-3-4-5-6-7
42,2,17400,131,63,1061.8599841569642,965.6282438450173,8.379018333927615,1,3-4-5-6-7
42,3,4700,140,98,1446.117188194781,879.3414956327231,2.3635188017756557,2-1,4-5-6-7
42,4,1200,137,23,1387.6426120604406,791.3833904011365,0.40446105367053736,3-2-1,5-6-7
42,5,18300,142,26,1020.6700416768845,691.2615343786824,9.319908291570382,4-3-2-1,6-7
42,6,2400,150,85,1276.7474221348973,569.1174299164614,1.3961492381671112,5-4-3-2-1,7
42,7,900,147,99,1292.763290658696,520.62156920886,0.40090824315151496,6-5-4-3-2-1,
43,1,51600,150,39,1188.2866198207125,654.8519965617322,25.46912769062636,,2-3-4-5-6-7
43,2,18900,146,21,1494.3941510070995,985.7351316359209,9.361385839029163,1,3-4-5-6-7
43,3,3600,142,37,1471.3640819960538,641.5801687625508,1.3814684704401947,2-1,4-5-6-7
43,4,1100,149,66,1251.1275591361214,502.2097057543262,0.3615722276837892,3-2-1,5-6-7
43,5,19800,144,76,1033.5144667546615,518.7368648142892,9.334173408323766,4-3-2-1,6-7
43,6,2800,137,55,1116.7323671557265,877.1035352846675,1.4458439694139753,5-4-3-2-1,7
43,7,1000,132,41,1407.7174239088456,566.4298246152,0.3911846304895996,6-5-4-3-2-1,
44,1,57300,147,79,1063.377811000117,812.7765634526002,28.479846306590566,,2-3-4-5-6-7
44,2,19600,145,52,1171.558129864931,810.0355911185591,9.306433310096137,1,3-4-5-6-7
44,3,4600,144,53,1487.1353075534173,821.9794111016952,2.3036852350803416,2-1,4-5-6-7
44,4,1300,149,93,1060.26784230865,815.8883432319583,0.45061422388390493,3-2-1,5-6-7
44,5,19700,137,49,1490.3144060081781,531.4210284976182,9.415747323096843,4-3-2-1,6-7
44,6,3000,131,89,1460.1434286490023,602.0928495633351,1.421512918949202,5-4-3-2-1,7
44,7,900,146,87,1016.1331135034941,903.8434634778098,0.4292607370747631,6-5-4-3-2-1,
45,1,57500,135,36,1136.535611698374,777.5448963168026,28.385807147433688,,2-3-4-5-6-7
45,2,19000,148,49,1402.5201401538038,875.8033961187114,9.307947615873562,1,3-4-5-6-7
45,3,3100,149,91,1055.298951375194,763.9942487793987,1.3970852155433455,2-1,4-5-6-7
45,4,1600,150,24,1311.4912288816192,874.951570047597,0.39835812102457924,3-2-1,5-6-7
45,5,17200,149,20,1312.7800138511066,691.4743474720269,8.339092039240764,4-3-2-1,6-7
45,6,2800,150,38,1148.8366586119412,808.9830257512168,1.402751999079216,5-4-3-2-1,7
45,7,700,136,22,1288.1965282451256,783.2425093488813,0.3954726090885372,6-5-4-3-2-1,
46,1,54600,148,63,1122.0532150390152,729.7740772838288,27.482408953202434,,2-3-4-5-6-7
46,2,19900,137,64,1123.4536310132353,805.1930802125419,9.436770966001102,1,3-4-5-6-7
46,3,3600,131,40,1079.297831073721,638.4207127627583,1.3442926661737817,2-1,4-5-6-7
46,4,1600,130,53,1269.570994450773,873.6403720205551,0.32676642975140296,3-2-1,5-6-7
46,5,19300,149,70,1490.4357592264118,522.4933546773835,9.358641255908296,4-3-2-1,6-7
46,6,2700,140,93,1291.1333419361904,647.8843061932403,1.4114765412758246,5-4-3-2-1,7
46,7,1000,143,70,1058.7631583248276,639.2845843957355,0.4431373928313843,6-5-4-3-2-1,
47,1,55000,145,61,1280.1493501169089,676.2237124835336,27.43688194594368,,2-3-4-5-6-7
47,2,18200,136,35,1191.1465592838367,924.9973023667208,9.465864823477807,1,3-4-5-6-7
47,3,3200,139,86,1186.6556877756755,569.3885993773881,1.4135682190180663,2-1,4-5-6-7
47,4,2000,131,96,1148.0614690925916,797.3976630944755,1.4125667031859737,3-2-1,5-6-7
47,5,17800,137,32,1199.4028174111177,852.9854426086979,8.435349489706812,4-3-2-1,6-7
47,6,2300,133,98,1457.8424397288002,535.6616682059773,1.3510136669098756,5-4-3-2-1,7
47,7,900,147,32,1035.0539576816354,999.3970249202926,0.31411047170435036,6-5-4-3-2-1,
48,1,59800,144,39,1423.9889961414308,619.8725782236634,29.34859629030811,,2-3-4-5-6-7
48,2,17400,133,26,1129.0899808020336,687.6931814933585,8.387210405804606,1,3-4-5-6-7
48,3,4700,140,96,1361.7989123815332,833.053119725201,2.394086306629589,2-1,4-5-6-7
48,4,1400,136,44,1292.1006252454324,537.8698297969936,0.32781612177994457,3-2-1,5-6-7
48,5,19500,150,68,1210.0976009007588,758.1286129447476,9.35807810187228,4-3-2-1,6-7
48,6,2200,136,87,1216.7385613878744,596.8716158464933,1.3584966500353546,5-4-3-2-1,7
48,7,700,132,92,1488.3501096186717,772.8579579501053,0.3930791131649717,6-5-4-3-2-1,
49,1,51400,142,46,1488.4731003820075,741.9541172308191,25.382245140250546,,2-3-4-5-6-7
49,2,17900,131,20,1059.0807111560036,712.9143589179498,8.433110683783555,1,3-4-5-6-7
49,3,5000,148,73,1065.6226126425472,906.8933087183417,2.4106869825865167,2-1,4-5-6-7
49,4,1100,137,60,1363.019251460471,501.0668200969508,0.31300299126514686,3-2-1,5-6-7
49,5,17900,136,87,1262.3425538395227,884.9889575200027,8.441042095015876,4-3-2-1,6-7
49,6,2900,145,23,1378.5064663729481,542.1218656946771,1.3577328192570142,5-4-3-2-1,7
49,7,1000,140,28,1368.4549004554142,895.6280071204535,0.3750410539780995,6-5-4-3-2-1,
50,1,51300,150,62,1165.112678287517,903.9009311657176,25.49318069759006,,2-3-4-5-6-7
50,2,19400,133,82,1457.4607441261533,890.7276754630598,9.412393460147037,1,3-4-5-6-7
50,3,4400,142,99,1297.2430225355836,790.5289919398915,2.3919665132472585,2-1,4-5-6-7
50,4,1000,136,90,1048.504552194371,789.4783186481005,0.3768891879440033,3-2-1,5-6-7
50,5,17500,138,22,1440.6102239778158,559.2600868959016,8.360612638682749,4-3-2-1,6-7
50,6,2400,133,45,1393.771536964401,985.7812684652174,1.354759022399368,5-4-3-2-1,7
50,7,800,133,70,1126.9845355829461,612.4164793785721,0.31927709197664084,6-5-4-3-2-1,
51,1,53100,140,32,1180.471159404457,775.2397202168122,26.38034711181689,,2-3-4-5-6-7
51,2,18600,136,29,1028.8239363876378,569.5062476428353,9.383367182371801,1,3-4-5-6-7
51,3,4800,138,32,1490.6254081305933,629.5589035291599,2.483196024446844,2-1,4-5-6-7
51,4,1700,134,53,1003.2412978452704,754.9598466679518,0.3207626393963187,3-2-1,5-6-7
51,5,19900,150,30,1445.7112529719961,513.691313775743,9.49180678776739,4-3-2-1,6-7
51,6,2000,132,35,1471.6110816098421,740.5699790293716,1.3810096603944308,5-4-3-2-1,7
51,7,700,148,93,1008.3303267282229,947.1896019863852,0.42092973014056995,6-5-4-3-2-1,
52,1,58700,136,97,1182.5178034927326,853.766067370703,29.492055885235587,,2-3-4-5-6-7
52,2,17400,138,97,1134.9281570839955,688.0925125528181,8.498485320633637,1,3-4-5-6-7
52,3,4000,143,96,1096.8608992932902,858.7426165935822,2.3209980230681557,2-1,4-5-6-7
52,4,1300,145,50,1153.9865324419102,974.8587829837438,0.4279646486935315,3-2-1,5-6-7
52,5,18500,130,41,1113.2214679182066,618.6506781488256,9.495859167135777,4-3-2-1,6-7
52,6,2900,145,28,1005.0543170397034,634.1976717730106,1.3247389272548418,5-4-3-2-1,7
52,7,1000,132,79,1294.1835412711368,570.8514548398637,0.32401323558037,6-5-4-3-2-1,
53,1,57300,134,58,1340.6610107204922,976.4307151404852,28.48298250863556,,2-3-4-5-6-7
53,2,17900,138,73,1064.2708756112288,606.1361426848763,8.307048924385551,1,3-4-5-6-7
53,3,3900,130,31,1458.7251375969774,756.4183838883333,1.4919606179817815,2-1,4-5-6-7
53,4,1700,142,89,1452.711411299945,585.1363288793947,0.30518512721908964,3-2-1,5-6-7
53,5,18000,140,41,1063.4355962130603,803.8765658430896,9.361630826530675,4-3-2-1,6-7
53,6,2100,131,69,1045.3343668428804,903.7183781814732,1.4568001526183059,5-4-3-2-1,7
53,7,700,136,49,1148.2092895006463,617.756023148451,0.42843609017197554,6-5-4-3-2-1,
54,1,56100,130,24,1008.8836138578882,990.3800196753125,28.478576681238962,,2-3-4-5-6-7
54,2,18400,137,60,1470.5729457563407,987.2765181897267,9.393336163762852,1,3-4-5-6-7
54,3,3100,138,49,1138.9810009929854,504.28469564015097,1.4023937271468832,2-1,4-5-6-7
54,4,1900,130,41,1184.9064504368282,972.5220418710304,0.34183494937031206,3-2-1,5-6-7
54,5,17300,142,61,1371.9463127756576,607.1513571219027,8.476186955428304,4-3-2-1,6-7
54,6,2300,134,46,1150.1135802046438,680.665881280809,1.4647280179800344,5-4-3-2-1,7
54,7,1000,147,24,1061.273504739444,798.1915650632418,0.448683995472821,6-5-4-3-2-1,
55,1,57900,134,41,1045.7355121800645,638.4346832567528,28.458034424874313,,2-3-4-5-6-7
55,2,18600,149,66,1409.2933786288727,562.9466736615316,9.334359346564755,1,3-4-5-6-7
55,3,3900,135,29,1090.446700536858,958.2760227649192,1.3098261042718025,2-1,4-5-6-7
55,4,1000,130,82,1165.4718067799233,739.1599445176779,0.43435254673106627,3-2-1,5-6-7
55,5,19800,141,23,1144.771076388097,704.8657418657752,9.416998813409283,4-3-2-1,6-7
55,6,3000,132,96,1436.68549002083,902.0464995048505,1.3792102810788625,5-4-3-2-1,7
55,7,900,146,55,1373.004991155789,647.6344988893301,0.40497376558996656,6-5-4-3-2-1,
56,1,56900,140,86,1138.613428891561,559.2152015887938,28.35114001848347,,2-3-4-5-6-7
56,2,19500,144,31,1403.2168179114542,632.5013058063778,9.300398857098942,1,3-4-5-6-7
56,3,4200,135,63,1018.1041023680275,649.3591810263654,2.4847131743478372,2-1,4-5-6-7
56,4,1700,145,91,1087.3527771903343,702.1032451473079,0.40905700143967433,3-2-1,5-6-7
56,5,18800,143,56,1012.969621916245,745.8034567639079,9.393665740648437,4-3-2-1,6-7
56,6,2100,147,52,1083.3918475138787,994.5182353991343,1.4375575595995453,5-4-3-2-1,7
56,7,1000,150,95,1360.2577080651272,528.9687423008883,0.4197397052602556,6-5-4-3-2-1,
57,1,57300,144,69,1298.3178228751667,680.3558330577836,28.411043049657987,,2-3-4-5-6-7
57,2,17500,136,41,1375.9484981871358,932.5119245153819,8.386996512540055,1,3-4-5-6-7
57,3,4900,134,90,1330.9481967985917,854.1196536870826,2.342126048870177,2-1,4-5-6-7
57,4,1800,149,68,1088.6174470041585,613.8002817518857,0.31045283585665445,3-2-1,5-6-7
57,5,19100,147,99,1101.6284389581722,806.1510845070627,9.318795448231032,4-3-2-1,6-7
57,6,2500,142,44,1414.5460655853667,598.6903925063393,1.4856233237833414,5-4-3-2-1,7
57,7,900,130,90,1225.6699747125049,601.2189593012703,0.3569946701588384,6-5-4-3-2-1,
58,1,53300,137,49,1139.0122319719949,794.048661394769,26.39612999216122,,2-3-4-5-6-7
58,2,17400,140,26,1401.4730252984075,552.4648451823633,8.44321986994336,1,3-4-5-6-7
58,3,4100,134,26,1156.7623974565063,862.7421434608788,2.442860818529364,2-1,4-5-6-7
58,4,1900,136,84,1171.8147292309725,880.2879051438257,0.48425065996710576,3-2-1,5-6-7
58,5,17800,142,69,1174.3783717700178,688.0203393214395,8.331483962753365,4-3-2-1,6-7
58,6,2500,138,42,1498.5570691754078,779.69028923596,1.4709672490878583,5-4-3-2-1,7
58,7,700,148,30,1253.3633147307312,912.1413258432963,0.40879585892185555,6-5-4-3-2-1,
59,1,53900,149,61,1249.6182376035401,709.1650296167796,26.41150841993146,,2-3-4-5-6-7
59,2,19400,137,27,1101.4535183562969,704.5319215126057,9.399921551599325,1,3-4-5-6-7
59,3,4600,130,37,1358.8440423854954,562.91546444848,2.405548620536263,2-1,4-5-6-7
59,4,1600,138,51,1008.1697651367426,563.6365135873343,0.3974584523780014,3-2-1,5-6-7
59,5,17100,145,79,1491.6560197580645,969.4135145386368,8.350587401937185,4-3-2-1,6-7
59,6,2000,145,92,1475.297299158753,964.521042220166,1.4854278120636963,5-4-3-2-1,7
59,7,700,133,92,1489.1608038116965,929.8840779539008,0.37343914550531393,6-5-4-3-2-1,
60,1,58800,147,62,1413.974037233247,592.3358515249369,29.38512825774469,,2-3-4-5-6-7
60,2,17200,147,22,1068.878201560273,943.2180835185391,8.300491870444494,1,3-4-5-6-7
60,3,4300,138,81,1077.5324051735074,536.0168857402936,2.4512991460181803,2-1,4-5-6-7
60,4,1300,143,50,1020.6581240934175,561.8740968413504,0.3442950402213918,3-2-1,5-6-7
60,5,17000,131,64,1045.6145268896391,737.9034152896818,8.485990704897477,4-3-2-1,6-7
60,6,2300,146,87,1318.8941490100244,643.4857722418005,1.4466037234741624,5-4-3-2-1,7
60,7,800,131,79,1312.184478269498,541.2216460680205,0.31812002716986626,6-5-4-3-2-1,
61,1,58100,141,75,1446.9077961439914,884.7862654385901,29.350516759378888,,2-3-4-5-6-7
61,2,19900,134,25,1211.6367717834862,623.9682263019482,9.431868924975689,1,3-4-5-6-7
61,3,4400,132,90,1170.2953623135259,600.2349679040739,2.3421365661816713,2-1,4-5-6-7
61,4,1200,146,92,1208.807901314047,531.0021306675341,0.44460462537248063,3-2-1,5-6-7
61,5,17600,149,90,1417.1047079518596,604.2036018314695,8.498701255642366,4-3-2-1,6-7
61,6,2900,140,49,1135.7353183517625,918.2574816182794,1.3364612654201564,5-4-3-2-1,7
61,7,700,140,41,1460.6283084672298,921.4162839102362,0.3675352003918671,6-5-4-3-2-1,
62,1,59000,132,21,1368.2693635215292,790.6541380141133,29.3315264847374,,2-3-4-5-6-7
62,2,17500,130,87,1178.3707323531867,808.4977059636594,8.343626784891242,1,3-4-5-6-7
62,3,4500,137,46,1499.9300948751363,755.3511356546591,2.444234448153454,2-1,4-5-6-7
62,4,2000,147,55,1079.8782658339999,678.4054268548927,1.3590212518270381,3-2-1,5-6-7
62,5,17400,145,100,1111.46328091129,850.0398412303525,8.404000255442003,4-3-2-1,6-7
62,6,3000,148,65,1389.4221571567705,624.5502684482607,1.4358721378334551,5-4-3-2-1,7
62,7,700,136,46,1175.0841168617408,756.8478991373383,0.4847489749332603,6-5-4-3-2-1,
63,1,56800,140,56,1086.706739477396,811.0146701684034,28.418531722396132,,2-3-4-5-6-7
63,2,19900,146,43,1207.4561000307144,924.5400183923857,9.44531875295427,1,3-4-5-6-7
63,3,4600,143,93,1345.7396870040334,909.4259869539178,2.45061667172718,2-1,4-5-6-7
63,4,1100,131,69,1385.1165688285364,810.5332087355648,0.4083124540863129,3-2-1,5-6-7
63,5,17200,145,30,1261.6241049373702,513.503611499245,8.444334277327732,4-3-2-1,6-7
63,6,2700,142,36,1093.6250435176023,566.252461023073,1.300876757015652,5-4-3-2-1,7
63,7,700,144,51,1475.4264146653275,844.6710415404348,0.35016971353967685,6-5-4-3-2-1,
64,1,51200,144,42,1029.1292816800888,724.7875884643918,25.44465498212149,,2-3-4-5-6-7
64,2,18500,137,58,1319.316048075108,642.8237510473881,9.435590440284113,1,3-4-5-6-7
64,3,3800,147,58,1309.8538212287208,830.6655344115024,1.4254684511313176,2-1,4-5-6-7
64,4,1500,139,64,1469.0957815255379,993.2581162989704,0.3299975573631428,3-2-1,5-6-7
64,5,19500,148,97,1223.5677573900628,533.0385299629285,9.495314500248126,4-3-2-1,6-7
64,6,2000,139,21,1095.386672418028,612.7121338845627,1.456922177487181,5-4-3-2-1,7
64,7,1000,132,88,1415.239136005476,941.3897854817592,0.3907924041417045,6-5-4-3-2-1,
65,1,55500,141,87,1319.7973299835974,841.5195100628316,27.480316313321904,,2-3-4-5-6-7
65,2,18800,142,56,1438.3485928689622,895.292837322975,9.309881026085337,1,3-4-5-6-7
65,3,4100,133,96,1078.8780250789455,989.634081538726,2.466105892889713,2-1,4-5-6-7
65,4,1100,135,90,1094.544377068041,676.8244445769857,0.30318053936429595,3-2-1,5-6-7
65,5,17500,141,63,1344.9837476570647,823.9021643114213,8.496969820832296,4-3-2-1,6-7
65,6,2900,150,73,1175.0107448717763,874.526516692111,1.4588263857474164,5-4-3-2-1,7
65,7,900,140,35,1294.740293913758,872.2167583257153,0.38220093832161384,6-5-4-3-2-1,
66,1,51400,139,65,1016.384810902929,623.1437915905043,25.420852190679117,,2-3-4-5-6-7
66,2,18800,132,29,1065.9373996782467,811.8858829726278,9.410602490916034,1,3-4-5-6-7
66,3,3100,143,47,1458.3499474040827,688.263782149624,1.4059774953377993,2-1,4-5-6-7
66,4,2000,134,29,1191.4927297304598,690.8467310712214,1.30334705504777,3-2-1,5-6-7
66,5,19600,145,61,1146.7044635519533,549.0409260074499,9.321307016763244,4-3-2-1,6-7
66,6,2100,139,38,1340.1061439098355,875.1910198208195,1.4882054248137144,5-4-3-2-1,7
66,7,700,131,36,1294.8023082604527,895.2108149772017,0.3062853055939358,6-5-4-3-2-1,
67,1,55800,138,34,1246.8166801560717,891.6375721327582,27.446022312829744,,2-3-4-5-6-7
67,2,17800,141,87,1357.5717001928363,865.4814605733286,8.484136833313864,1,3-4-5-6-7
67,3,3200,147,76,1423.6082103272201,765.5023571009962,1.342407482899194,2-1,4-5-6-7
67,4,1300,139,70,1206.5143040523249,770.285194050572,0.40823963933447716,3-2-1,5-6-7
67,5,19100,134,100,1127.0016987273013,860.9947411000644,9.32348596536003,4-3-2-1,6-7
67,6,2500,131,34,1349.69993356517,549.9824060048772,1.4299790448331298,5-4-3-2-1,7
67,7,1000,135,37,1492.3431824214954,974.3654035176245,0.3426927036894119,6-5-4-3-2-1,
68,1,59600,145,50,1304.482144465493,629.1175997990431,29.339589752869845,,2-3-4-5-6-7
68,2,19100,147,47,1197.920288014222,947.0003392744649,9.31571089745946,1,3-4-5-6-7
68,3,4100,143,60,1334.2536636356253,822.8015419513406,2.391896414390683,2-1,4-5-6-7
68,4,1100,146,48,1484.2999327089967,619.5284290980482,0.4158817977495096,3-2-1,5-6-7
68,5,18100,146,79,1036.5613069744759,841.3993406245795,9.316757769950483,4-3-2-1,6-7
68,6,2400,139,48,1073.5872761294784,907.1710460954564,1.4005269550152575,5-4-3-2-1,7
68,7,900,146,23,1189.379964179245,669.7306726164672,0.35748092085694366,6-5-4-3-2-1,
69,1,54600,149,43,1322.5401933989597,918.2698959188199,27.35856560895612,,2-3-4-5-6-7
69,2,18900,131,51,1185.6750654208472,697.9565338286156,9.450112679632586,1,3-4-5-6-7
69,3,3800,146,78,1097.4857000761542,709.3765515763268,1.444184296131194,2-1,4-5-6-7
69,4,1700,135,69,1191.8615214510169,507.7298849106608,0.4999699114253457,3-2-1,5-6-7
69,5,19700,139,83,1000.5350897982079,908.2519117221625,9.313260495180941,4-3-2-1,6-7
69,6,2000,138,27,1015.5969672929996,574.6280057203878,1.4616953929989704,5-4-3-2-1,7
69,7,800,139,68,1360.1798284262134,517.8288654485242,0.4144885645538784,6-5-4-3-2-1,
70,1,56700,147,73,1143.8906687215008,693.1606903491709,28.467126368263038,,2-3-4-5-6-7
70,2,19200,138,70,1418.3671916379592,601.8104363369935,9.371037505959269,1,3-4-5-6-7
70,3,3100,140,76,1237.8611927194183,574.137357604847,1.41071902947619,2-1,4-5-6-7
70,4,1100,130,87,1259.5973904389452,512.9845976921528,0.46833135665633463,3-2-1,5-6-7
70,5,18200,138,88,1162.0762949400864,533.1348256982156,9.314448137593205,4-3-2-1,6-7
70,6,2700,140,23,1045.315158615866,794.4931262470388,1.400449820873006,5-4-3-2-1,7
70,7,900,138,78,1012.132068417929,695.3284592649819,0.3071277813434394,6-5-4-3-2-1,
71,1,51800,139,67,1418.3681464510578,946.7321032016054,25.49154334388891,,2-3-4-5-6-7
71,2,17700,133,38,1103.221874049047,900.2796924132538,8.421362635785835,1,3-4-5-6-7
71,3,3100,135,99,1244.6481742681037,567.8486903354111,1.453652519273678,2-1,4-5-6-7
71,4,2000,145,96,1396.6678000865538,794.3353853219307,1.3486614275631155,3-2-1,5-6-7
71,5,17100,149,87,1032.078897450996,790.0433570975961,8.336511357456512,4-3-2-1,6-7
71,6,2100,147,64,1101.5852679887182,917.303236208315,1.3066432281827272,5-4-3-2-1,7
71,7,1000,131,53,1409.8258584740736,590.8543123080952,0.49592444298455113,6-5-4-3-2-1,
72,1,59700,147,70,1336.7921993023776,972.747907831618,29.3131019231398,,2-3-4-5-6-7
72,2,18800,133,93,1336.9533003871152,976.9910995256753,9.450079815178688,1,3-4-5-6-7
72,3,3500,132,71,1379.749986722637,959.3892886817055,1.3151056338075224,2-1,4-5-6-7
72,4,1000,136,44,1081.499238824317,970.6165580590273,0.4031597237829593,3-2-1,5-6-7
72,5,19500,133,60,1144.0007856665109,990.5790171095705,9.317351947017855,4-3-2-1,6-7
72,6,2500,134,77,1448.4728033744775,967.6354653168579,1.3902514135099204,5-4-3-2-1,7
72,7,1000,137,92,1315.8169176742704,662.3377100641342,0.3673033292780028,6-5-4-3-2-1,
73,1,57200,149,39,1352.4089203390718,540.2606180961361,28.33281083825227,,2-3-4-5-6-7
73,2,19500,146,41,1377.7314894398537,527.6778558656268,9.469710301816463,1,3-4-5-6-7
73,3,3400,139,91,1260.7470326302202,659.6118921365264,1.3982034610455227,2-1,4-5-6-7
73,4,1600,137,67,1144.5068398452563,600.326456341436,0.3373364490466581,3-2-1,5-6-7
73,5,19100,139,24,1430.277212848413,787.2520498048004,9.344678123034058,4-3-2-1,6-7
73,6,2000,143,21,1196.880793610707,567.9032530613227,1.302409786794728,5-4-3-2-1,7
73,7,900,139,69,1181.871751087997,850.2015798205939,0.41817708130329345,6-5-4-3-2-1,
74,1,57600,131,97,1232.722322070894,966.6825500299194,28.43503320471361,,2-3-4-5-6-7
74,2,17300,143,88,1066.9468692924522,700.0738825650619,8.325385352482868,1,3-4-5-6-7
74,3,5000,148,22,1048.3487582750372,954.2745920810028,2.4232552364615274,2-1,4-5-6-7
74,4,1400,141,31,1085.711048556298,755.8714266325985,0.34036749938436517,3-2-1,5-6-7
74,5,18000,133,37,1268.9822825154392,724.9679245666273,9.38319642199087,4-3-2-1,6-7
74,6,2600,148,65,1037.5864921239897,632.9971871936798,1.418624906261717,5-4-3-2-1,7
74,7,900,149,91,1400.6179301448092,883.3053202568019,0.4020707137894582,6-5-4-3-2-1,
75,1,53400,148,86,1480.3190367163986,502.79965542817166,26.471289391613013,,2-3-4-5-6-7
75,2,18200,149,29,1220.1837729140461,545.6154309704364,9.328887387623638,1,3-4-5-6-7
75,3,4200,144,27,1091.564678105312,962.2025698727479,2.4907777065917145,2-1,4-5-6-7
75,4,1800,144,82,1152.6570351177963,677.7695605668919,0.3059997703003177,3-2-1,5-6-7
75,5,17800,135,39,1213.7646339558344,581.5536058602808,8.42062679650482,4-3-2-1,6-7
75,6,2000,148,28,1210.4135908426445,722.1542144099931,1.3117192460526605,5-4-3-2-1,7
75,7,1000,134,56,1007.296289148724,540.7050756122383,0.4628755118771336,6-5-4-3-2-1,
76,1,56500,147,52,1339.9226131077999,616.2010185658262,28.473411884367312,,2-3-4-5-6-7
76,2,17800,149,95,1405.1259723684648,583.6994798418293,8.453686065128787,1,3-4-5-6-7
76,3,4500,131,62,1225.3583587902274,587.3670618479823,2.4043959483090367,2-1,4-5-6-7
76,4,2000,150,56,1305.0211760290522,563.4088587740456,1.411079285307153,3-2-1,5-6-7
76,5,19700,145,57,1074.5435127335804,662.4223681769384,9.45415159882564,4-3-2-1,6-7
76,6,2700,130,42,1140.4452400779958,844.757521682465,1.302840124738375,5-4-3-2-1,7
76,7,1000,133,40,1090.0887428297804,898.7552288989034,0.40107147326240833,6-5-4-3-2-1,
77,1,52600,131,55,1093.634648245661,572.4610451546375,26.426496004584536,,2-3-4-5-6-7
77,2,19700,147,73,1132.1239219555234,697.3848722935763,9.425503311657662,1,3-4-5-6-7
77,3,3800,145,59,1360.3760324462714,815.0011694703174,1.475014086406813,2-1,4-5-6-7
77,4,2000,138,90,1473.071710305024,797.5618274009378,1.4991176987949575,3-2-1,5-6-7
77,5,17100,146,88,1256.909008488523,517.9261710971755,8.360083940764483,4-3-2-1,6-7
77,6,3000,136,68,1041.0536316211117,698.7149885258087,1.3021579462894601,5-4-3-2-1,7
77,7,700,130,75,1203.086668720411,730.3231291169509,0.4164544186168465,6-5-4-3-2-1,
78,1,57700,147,49,1485.1662419967276,773.2237823973174,28.497430318529204,,2-3-4-5-6-7
78,2,19000,142,55,1123.9544875888887,873.7917899196755,9.41034231014806,1,3-4-5-6-7
78,3,4300,137,26,1011.0373248484948,682.8580169162784,2.4920385987371696,2-1,4-5-6-7
78,4,1900,138,27,1391.2792804031274,819.4526334328357,0.31840122863270026,3-2-1,5-6-7
78,5,17600,150,25,1089.4449863461684,683.3231372846506,8.320737937586573,4-3-2-1,6-7
78,6,2000,146,85,1065.3925025382784,544.6822219822262,1.3429283104591574,5-4-3-2-1,7
78,7,1000,135,26,1297.8782157113624,688.1270999421481,0.3933211473364717,6-5-4-3-2-1,
79,1,52900,138,97,1091.415421489651,854.1074513673168,26.349421279339722,,2-3-4-5-6-7
79,2,18700,141,47,1145.8472861473606,852.9563737944925,9.478577702459523,1,3-4-5-6-7
79,3,3200,137,24,1245.3325237359559,925.0023489566736,1.3791518516967758,2-1,4-5-6-7
79,4,1200,138,50,1191.098632320329,773.0083834268078,0.3067530123851904,3-2-1,5-6-7
79,5,18900,147,43,1287.1582136894979,692.0219761638016,9.400203489818546,4-3-2-1,6-7
79,6,2700,142,68,1473.902858930196,762.4764807583626,1.3321512750454787,5-4-3-2-1,7
79,7,700,140,93,1408.546371237882,711.698591605193,0.38700089215010725,6-5-4-3-2-1,
80,1,55100,130,96,1143.4434946826557,893.0455361527061,27.482016991985326,,2-3-4-5-6-7
80,2,19400,131,65,1369.7685462486359,803.238580375144,9.415370283732324,1,3-4-5-6-7
80,3,3100,133,37,1319.1808634951526,731.7576623523062,1.4289277166682661,2-1,4-5-6-7
80,4,1100,135,46,1013.1213438805464,734.1462541283029,0.3078158146546185,3-2-1,5-6-7
80,5,17300,141,42,1172.1374407233513,569.2700110866417,8.455562377473044,4-3-2-1,6-7
80,6,2100,141,93,1191.6336241075264,629.2189092289915,1.4061902715961352,5-4-3-2-1,7
80,7,900,130,57,1260.236210238622,541.9883354609512,0.3516143327743172,6-5-4-3-2-1,
81,1,54900,140,85,1411.7665368172854,530.6312980982502,27.41088940113506,,2-3-4-5-6-7
81,2,19300,139,51,1390.9221190782503,607.3525099222915,9.444081252822977,1,3-4-5-6-7
81,3,4900,142,77,1284.3679790174854,617.2627374249794,2.448325410950729,2-1,4-5-6-7
81,4,1500,132,48,1183.738479755263,750.8870975618851,0.4557039840002981,3-2-1,5-6-7
81,5,17200,132,92,1060.1338835881925,863.7527851754863,8.303650712577594,4-3-2-1,6-7
81,6,2900,140,67,1243.3239873006366,685.4689099404925,1.4823096959819433,5-4-3-2-1,7
81,7,900,130,24,1311.5906889130458,844.8280383115366,0.4282432104976732,6-5-4-3-2-1,
82,1,54800,142,30,1247.6854336734705,581.0361863072155,27.463257112145012,,2-3-4-5-6-7
82,2,19000,134,88,1380.3920763383512,564.8436298128948,9.466787354851382,1,3-4-5-6-7
82,3,3700,139,74,1412.5158323628486,742.2617646907895,1.447291272917983,2-1,4-5-6-7
82,4,1800,144,69,1339.5666449132327,844.5867309227356,0.36317884077369517,3-2-1,5-6-7
82,5,19400,137,65,1334.1479276064713,864.9061033353603,9.485859461175073,4-3-2-1,6-7
82,6,3000,140,28,1159.2632520261866,962.3997255358527,1.4143809180573619,5-4-3-2-1,7
82,7,1000,136,22,1368.7335429389104,712.7946649483957,0.3754484308499429,6-5-4-3-2-1,
83,1,57700,146,34,1256.887426901896,801.6829786021873,28.485321878431076,,2-3-4-5-6-7
83,2,18100,146,70,1137.5358582218291,575.1059483040342,9.317158131561762,1,3-4-5-6-7
83,3,4700,132,56,1140.974874042234,735.5104482965578,2.4078117492832605,2-1,4-5-6-7
83,4,1000,142,94,1064.5469643415458,794.0815495345465,0.30631427522599375,3-2-1,5-6-7
83,5,18600,145,79,1476.8849972753399,543.0332418632091,9.334142342890473,4-3-2-1,6-7
83,6,2200,143,43,1190.9974954067789,908.2277503204723,1.4722500190733654,5-4-3-2-1,7
83,7,800,131,25,1373.3339706985746,628.1865731912168,0.4314129162678775,6-5-4-3-2-1,
84,1,53100,150,47,1155.2587236877725,770.9372745349215,26.47443036509246,,2-3-4-5-6-7
84,2,19500,143,59,1298.8294036074876,563.293749310182,9.323281859641137,1,3-4-5-6-7
84,3,3200,131,99,1164.2748361768683,994.8368987527167,1.3691603528470517,2-1,4-5-6-7
84,4,1100,149,55,1240.7598394540828,684.2632441400187,0.49459908893620436,3-2-1,5-6-7
84,5,17400,132,62,1187.867888727645,839.6656209805327,8.486077573761422,4-3-2-1,6-7
84,6,2000,134,24,1186.447616300407,795.3612505018211,1.356509023544516,5-4-3-2-1,7
84,7,1000,139,39,1485.2293954324282,966.3790926036103,0.34954162772074326,6-5-4-3-2-1,
85,1,58200,137,81,1374.313576042577,667.4571221520497,29.43091604880113,,2-3-4-5-6-7
85,2,19300,135,71,1357.5769291668696,765.1214763652349,9.36143135698049,1,3-4-5-6-7
85,3,3900,140,62,1468.2597685118799,771.6190376524983,1.36050472367925,2-1,4-5-6-7
85,4,1500,138,76,1423.9317290976767,808.2841505884827,0.30794037961594123,3-2-1,5-6-7
85,5,19300,130,25,1328.1356274860768,847.1450046904392,9.314259680699301,4-3-2-1,6-7
85,6,2300,143,55,1412.6779859976623,839.8459864265683,1.453284679608485,5-4-3-2-1,7
85,7,800,140,84,1329.2441198358083,629.5237081835787,0.48573340148612193,6-5-4-3-2-1,
86,1,57000,143,88,1402.7955670846954,919.9870662287889,28.36971460828626,,2-3-4-5-6-7
86,2,17300,143,30,1151.8400362339873,776.5881940199573,8.321877506860348,1,3-4-5-6-7
86,3,5000,141,24,1399.495378030633,997.194081947267,2.364463453553193,2-1,4-5-6-7
86,4,1200,130,20,1052.4123687314222,504.73741874623,0.3521905826238493,3-2-1,5-6-7
86,5,17500,133,55,1191.1099663238376,923.1264410571903,8.468882949329423,4-3-2-1,6-7
86,6,2200,138,95,1132.7399977340897,510.99725506845454,1.301066428175864,5-4-3-2-1,7
86,7,1000,140,32,1088.5710537497464,679.7251829034057,0.3434041128171812,6-5-4-3-2-1,
87,1,52400,136,82,1446.3946233466345,858.3886965868107,26.411116517252456,,2-3-4-5-6-7
87,2,19800,143,27,1312.3259407964117,629.6775606016372,9.376965763146446,1,3-4-5-6-7
87,3,3900,135,31,1305.8896414743413,997.2767771488342,1.3867946638519575,2-1,4-5-6-7
87,4,1600,130,38,1263.4562138845047,645.6337681361327,0.3739412246355189,3-2-1,5-6-7
87,5,19800,150,80,1334.217352488939,501.73230256258984,9.42596627778968,4-3-2-1,6-7
87,6,2000,147,43,1227.7002243291784,850.0692164550042,1.4178894946094283,5-4-3-2-1,7
87,7,700,149,83,1230.25555610981,741.3007493459031,0.3401547278471782,6-5-4-3-2-1,
88,1,55600,149,75,1102.5468748822386,741.1250833067463,27.310232226506773,,2-3-4-5-6-7
88,2,19400,148,52,1173.8012133004381,960.0019561079974,9.337062907981286,1,3-4-5-6-7
88,3,4500,141,66,1263.3165019525156,742.1728225857994,2.381744826327611,2-1,4-5-6-7
88,4,1200,141,25,1255.572297927336,662.3303113079841,0.3208902804667822,3-2-1,5-6-7
88,5,17800,135,93,1411.5662827250285,701.6211195345145,8.419440666173895,4-3-2-1,6-7
88,6,2800,139,72,1457.256101694442,544.6717765073529,1.3938455793176985,5-4-3-2-1,7
88,7,1000,146,88,1051.780097199983,807.181767488504,0.3629764114917941,6-5-4-3-2-1,
89,1,51200,147,30,1439.9843599198357,994.783154664905,25.49965155238007,,2-3-4-5-6-7
89,2,19700,149,39,1334.9243614929746,751.9909484759553,9.35505953845398,1,3-4-5-6-7
89,3,3100,131,67,1243.3619801934492,682.592091219965,1.3429069204513606,2-1,4-5-6-7
89,4,1300,146,80,1145.6689837427266,870.7628135252806,0.46789876795406615,3-2-1,5-6-7
89,5,20000,145,86,1113.4055539893607,639.2417957134372,10.34449950588203,4-3-2-1,6-7
89,6,2300,135,71,1140.2421203505264,550.876433977195,1.4892355703197977,5-4-3-2-1,7
89,7,700,141,51,1483.4491550467555,561.4045101876469,0.4080677990366279,6-5-4-3-2-1,
90,1,53200,134,83,1482.6026731614284,874.0754090744538,26.484697376830766,,2-3-4-5-6-7
90,2,19400,141,90,1027.3341584169314,682.8684083193559,9.338803251443778,1,3-4-5-6-7
90,3,4600,138,23,1473.2089268860516,817.2060873507486,2.429617621500517,2-1,4-5-6-7
90,4,1400,140,35,1100.3086446334016,814.7042689686159,0.47577790366845835,3-2-1,5-6-7
90,5,17000,145,29,1253.6282616703297,757.1902994537405,8.341343581218322,4-3-2-1,6-7
90,6,2900,138,68,1356.8557092746016,600.8121264839472,1.4411923618247262,5-4-3-2-1,7
90,7,700,144,43,1238.2898865818734,529.0670325724168,0.37594216765045757,6-5-4-3-2-1,
91,1,55400,135,90,1200.3869842886265,823.706426729379,27.323686579773124,,2-3-4-5-6-7
91,2,19200,139,24,1471.058706688384,957.9037319013098,9.330801637658896,1,3-4-5-6-7
91,3,3100,143,50,1015.9082869934433,759.9571830344244,1.3063205511355231,2-1,4-5-6-7
91,4,1300,135,50,1028.883943725592,567.2955224926143,0.49550757766762904,3-2-1,5-6-7
91,5,19900,131,63,1106.3925745299236,999.488367911865,9.428707240871178,4-3-2-1,6-7
91,6,2200,142,92,1109.3917961250093,936.9491596945512,1.3600501306394956,5-4-3-2-1,7
91,7,700,147,72,1101.2562017358903,921.0995667762974,0.49293963074848257,6-5-4-3-2-1,
92,1,52500,130,56,1087.7869664149557,943.7578205996393,26.42392340878789,,2-3-4-5-6-7
92,2,19500,145,92,1377.6382310490878,604.5026404775056,9.404365328173778,1,3-4-5-6-7
92,3,3400,146,77,1341.9742900023634,756.8385740592087,1.353962769917865,2-1,4-5-6-7
92,4,1400,134,82,1122.4594350289021,627.3224210187753,0.3464042178696572,3-2-1,5-6-7
92,5,17700,136,72,1369.6892741274864,699.9449464698641,8.36930407395602,4-3-2-1,6-7
92,6,2000,147,73,1427.573004004995,622.3166783374842,1.3530503582526614,5-4-3-2-1,7
92,7,800,149,63,1032.5712583214995,970.5686516739812,0.4971904004474572,6-5-4-3-2-1,
93,1,52500,147,24,1076.594149296774,502.8822972120422,26.471999354592942,,2-3-4-5-6-7
93,2,18600,142,43,1270.2619894191844,712.9187234173733,9.438014375929406,1,3-4-5-6-7
93,3,3200,145,40,1200.633207383551,586.7650622859754,1.361461046776232,2-1,4-5-6-7
93,4,1100,133,95,1484.4172713086214,652.8480989090956,0.31526937528442467,3-2-1,5-6-7
93,5,17400,130,83,1245.9002483983168,620.2505918272684,8.319813939400964,4-3-2-1,6-7
93,6,2600,142,95,1042.9845384789164,591.6819720105334,1.4268870986097029,5-4-3-2-1,7
93,7,1000,132,65,1442.9603105828114,806.7864209290168,0.45936670520048517,6-5-4-3-2-1,
94,1,59800,141,24,1331.3118711749987,680.3877615712938,29.374651957051135,,2-3-4-5-6-7
94,2,18000,149,90,1359.79112337328,903.6364337851362,9.308417165709082,1,3-4-5-6-7
94,3,4000,146,50,1208.1066637741585,672.0731588802694,2.438133145170454,2-1,4-5-6-7
94,4,1700,139,62,1084.1291248892317,785.9781793726263,0.4641468331349759,3-2-1,5-6-7
94,5,18700,150,96,1347.0910634849156,521.9431325272591,9.375680207033682,4-3-2-1,6-7
94,6,2100,137,29,1454.9687249395017,538.1434197175723,1.3834585787481979,5-4-3-2-1,7
94,7,1000,148,71,1192.280433886555,566.0221104346015,0.49926434093544586,6-5-4-3-2-1,
95,1,56100,145,54,1032.0030025559086,772.0683491943668,28.4645378043444,,2-3-4-5-6-7
95,2,17900,130,65,1211.1353457396403,887.8348005980016,8.3355918758357,1,3-4-5-6-7
95,3,4400,132,24,1026.9550477751932,816.8745607841344,2.4464750132874076,2-1,4-5-6-7
95,4,1700,136,79,1383.9397786146405,691.3008644304948,0.48438560536793157,3-2-1,5-6-7
95,5,17800,141,94,1113.103726871205,750.8544354987066,8.393450947226807,4-3-2-1,6-7
95,6,2200,150,89,1490.6885322808916,785.5992430438671,1.3838304321692223,5-4-3-2-1,7
95,7,800,141,40,1415.7113991433805,703.6853802940788,0.41930125099299714,6-5-4-3-2-1,
96,1,59400,139,39,1063.5341386150617,896.843956758062,29.39540608981366,,2-3-4-5-6-7
96,2,17700,147,81,1363.6256138046901,911.573472072586,8.303528136776032,1,3-4-5-6-7
96,3,3200,133,35,1334.3845363047599,583.7175223155314,1.4189471747218794,2-1,4-5-6-7
96,4,1500,131,39,1057.3753863243876,527.2276907710575,0.42354067096033654,3-2-1,5-6-7
96,5,18000,147,77,1239.6419732307718,976.5290603426135,9.389702075338462,4-3-2-1,6-7
96,6,2300,133,33,1148.384245692343,970.2733147443236,1.4733400043383105,5-4-3-2-1,7
96,7,1000,148,66,1394.4317659512885,758.4380415712938,0.4574779469033265,6-5-4-3-2-1,
97,1,56300,143,46,1184.6734027261941,731.4166998334753,28.42281493658156,,2-3-4-5-6-7
97,2,18800,133,56,1230.0918349836397,833.732524976652,9.402851511401838,1,3-4-5-6-7
97,3,4800,137,92,1340.8731511574379,509.7012850719282,2.380804432610957,2-1,4-5-6-7
97,4,1500,142,77,1228.9168694649877,634.9336993223375,0.4289344264512793,3-2-1,5-6-7
97,5,19000,142,75,1440.054132161515,862.3906412679411,9.472132281369658,4-3-2-1,6-7
97,6,2900,143,60,1231.0221528479728,865.7479446570089,1.3373314693994471,5-4-3-2-1,7
97,7,800,136,88,1258.2236556985574,701.4657338053372,0.42500916818082257,6-5-4-3-2-1,
98,1,59200,133,40,1187.9782719538289,916.2426360631847,29.442077587436064,,2-3-4-5-6-7
98,2,17900,142,49,1196.7642664052516,659.4709156999658,8.46669590705761,1,3-4-5-6-7
98,3,3400,147,24,1483.2468994964306,641.5646372841708,1.482429258287872,2-1,4-5-6-7
98,4,2000,130,38,1209.860394282357,926.9573154496838,1.3650193537154856,3-2-1,5-6-7
98,5,17700,147,75,1160.6402693696768,855.812596876676,8.381850754808427,4-3-2-1,6-7
98,6,2200,130,79,1426.5826210176385,775.2538304496172,1.3251082232257472,5-4-3-2-1,7
98,7,900,138,64,1181.0888572896847,727.1151867149579,0.3038505336126441,6-5-4-3-2-1,
99,1,56400,132,65,1371.4383161333656,845.0477434182089,28.31084957317493,,2-3-4-5-6-7
99,2,17400,135,94,1472.3216532446147,948.5058309653632,8.484137165288464,1,3-4-5-6-7
99,3,3400,139,88,1392.4341474142254,757.2960649388242,1.4304110848381884,2-1,4-5-6-7
99,4,1300,145,39,1126.6156197248267,547.1119842774109,0.43617284781285254,3-2-1,5-6-7
99,5,18000,145,57,1038.4226280199389,893.0765288755788,9.346033179491508,4-3-2-1,6-7
99,6,2700,149,100,1155.818233265654,832.6731173260803,1.452529382219236,5-4-3-2-1,7
99,7,1000,131,31,1323.103540478769,852.8556486085183,0.3738791764209678,6-5-4-3-2-1,
100,1,54100,131,30,1296.5563360687204,882.1281158581678,27.392774006346222,,2-3-4-5-6-7
100,2,20000,137,69,1495.656212416161,783.6079585305213,10.473550157251712,1,3-4-5-6-7
100,3,4500,131,83,1333.2604261179465,636.3348865060714,2.358249948876436,2-1,4-5-6-7
100,4,1600,145,20,1202.023697451258,918.105772265961,0.48541334003038783,3-2-1,5-6-7
100,5,19400,143,65,1016.8470445401374,968.0015283241175,9.466553884456609,4-3-2-1,6-7
100,6,2700,138,36,1463.8167029205563,860.5193968828258,1.4339733314886642,5-4-3-2-1,7
100,7,800,139,30,1045.3564192618774,790.0734724866152,0.4140470501364403,6-5-4-3-2-1,
101,1,58500,149,88,1074.4603564007805,982.0645952773741,29.423687691891335,,2-3-4-5-6-7
101,2,19000,131,72,1276.249320941402,658.684484216416,9.346395024870048,1,3-4-5-6-7
101,3,3400,145,100,1045.3861997943332,885.7391170497519,1.4479938784954411,2-1,4-5-6-7
101,4,1400,135,49,1343.4240034765019,719.1991901531651,0.38739523190001773,3-2-1,5-6-7
101,5,18500,142,53,1128.254437375433,837.2972996974795,9.302579691354122,4-3-2-1,6-7
101,6,2300,145,93,1252.7716916473296,789.7288451431824,1.4971220235013512,5-4-3-2-1,7
101,7,700,132,57,1057.7411169777165,511.0694121025295,0.423129149954355,6-5-4-3-2-1,
102,1,51800,146,28,1042.6238093835636,951.6552408410943,25.30144299107359,,2-3-4-5-6-7
102,2,19300,142,80,1303.2707680918288,990.2348555452711,9.355684348888596,1,3-4-5-6-7
102,3,3100,136,32,1281.9897586561613,554.1516979085551,1.3099393747224717,2-1,4-5-6-7
102,4,1600,135,30,1423.3014727780273,918.5361449417563,0.31758622045516866,3-2-1,5-6-7
102,5,17200,139,44,1075.4657252048746,831.0325901605244,8.468524517410755,4-3-2-1,6-7
102,6,2200,150,42,1480.5689646929866,743.029835334206,1.3762673082284504,5-4-3-2-1,7
102,7,1000,133,79,1431.2072512135162,771.8344107514818,0.30904670666468503,6-5-4-3-2-1,
103,1,51700,149,62,1115.1303973000079,701.4037581966469,25.30264191831761,,2-3-4-5-6-7
103,2,19300,150,49,1460.7924410770418,590.8576290617682,9.366150546722304,1,3-4-5-6-7
103,3,4400,131,80,1062.9615642722906,714.4863256918458,2.3172889741348577,2-1,4-5-6-7
103,4,1900,149,62,1194.8520834382462,545.8579194778267,0.3873569697611776,3-2-1,5-6-7
103,5,17200,144,73,1363.2166071521492,912.3403626548425,8.443795770821309,4-3-2-1,6-7
103,6,2700,138,88,1188.44672580124,754.2752922150075,1.4299270122409378,5-4-3-2-1,7
103,7,1000,136,45,1417.0931023289486,592.7556995438745,0.3174360493746184,6-5-4-3-2-1,
104,1,53700,138,99,1173.5755902717617,996.2161374488423,26.33567046702732,,2-3-4-5-6-7
104,2,17200,145,85,1328.5982635108062,769.5930636856806,8.409964446700007,1,3-4-5-6-7
104,3,3600,132,39,1019.2750313638246,564.3237458398069,1.4011393324888668,2-1,4-5-6-7
104,4,2000,146,77,1483.4089375056806,599.6354681235262,1.372264064659893,3-2-1,5-6-7
104,5,19300,139,84,1205.8697133041685,932.2446731536771,9.320669221168046,4-3-2-1,6-7
104,6,2900,138,49,1356.2023302781126,819.2265781533192,1.440468535605417,5-4-3-2-1,7
104,7,900,138,48,1454.6201960710662,853.5741399665412,0.4865339958323183,6-5-4-3-2-1,
105,1,54200,149,52,1040.4855767140627,763.009181712446,27.46244712712181,,2-3-4-5-6-7
105,2,17000,132,55,1162.056685341688,817.5102104383833,8.450025613123984,1,3-4-5-6-7
105,3,3600,140,98,1091.9450989287495,864.04784700588,1.4084262559596143,2-1,4-5-6-7
105,4,1400,134,97,1096.2390376407373,609.8152192308405,0.47021209755096,3-2-1,5-6-7
105,5,18000,136,59,1391.6325972179975,940.7466730454967,9.469052895723996,4-3-2-1,6-7
105,6,2400,139,39,1137.229978046009,543.638383637386,1.3546745892038832,5-4-3-2-1,7
105,7,800,131,77,1429.2761090772979,608.3891088262055,0.33032896187571276,6-5-4-3-2-1,
106,1,57100,131,53,1245.4005505108096,994.9230693277784,28.45567462156106,,2-3-4-5-6-7
106,2,19600,148,97,1134.9542378980784,600.4216818727347,9.35006828692804,1,3-4-5-6-7
106,3,3400,147,54,1027.431543690713,929.3340963402239,1.334204546876326,2-1,4-5-6-7
106,4,1400,135,76,1330.9373755964953,935.5101593391928,0.34469801209924367,3-2-1,5-6-7
106,5,17200,143,73,1358.1371970705275,564.696514732538,8.499001992828218,4-3-2-1,6-7
106,6,2500,148,93,1297.9235544684097,814.1409544891687,1.374638039466327,5-4-3-2-1,7
106,7,900,141,53,1463.230911061928,817.9839137749543,0.4769519732159942,6-5-4-3-2-1,
107,1,58700,146,34,1259.6995064869611,505.37679370388963,29.382427189326265,,2-3-4-5-6-7
107,2,19200,141,47,1341.411920675635,848.5022840222261,9.361594076206588,1,3-4-5-6-7
107,3,3800,146,65,1126.8427633481206,702.5372139921761,1.4864979069372946,2-1,4-5-6-7
107,4,1900,140,45,1359.8565854675353,806.339907152894,0.4768522586071641,3-2-1,5-6-7
107,5,17800,146,37,1186.214302759762,596.6818504837518,8.336108183629308,4-3-2-1,6-7
107,6,2200,137,53,1146.9214971374463,665.5686615808717,1.3435056523196247,5-4-3-2-1,7
107,7,800,144,93,1182.0514116998716,964.6089232830174,0.3681169536280388,6-5-4-3-2-1,
108,1,55500,137,58,1229.8698054946515,628.617260867426,27.426006571569893,,2-3-4-5-6-7
108,2,18000,141,80,1314.119714330965,811.077763033989,9.365302121102788,1,3-4-5-6-7
108,3,4700,145,97,1317.8890502677366,717.8224804609158,2.362534480474081,2-1,4-5-6-7
108,4,1600,140,30,1061.6016395158315,883.3022790667087,0.42719820205939135,3-2-1,5-6-7
108,5,17500,149,77,1366.6843781964112,690.1327275445065,8.444362733665598,4-3-2-1,6-7
108,6,2600,132,89,1416.7168140104798,974.762219073488,1.3259091881735117,5-4-3-2-1,7
108,7,800,146,42,1002.7835108671302,687.7689698313325,0.3953212874581922,6-5-4-3-2-1,
109,1,54800,142,94,1173.3486382134188,644.0438356282318,27.351632451258027,,2-3-4-5-6-7
109,2,17900,143,67,1430.0542787442823,633.9496682402051,8.374768112749006,1,3-4-5-6-7
109,3,4600,138,35,1212.3627961808595,538.9131308135175,2.4714949295542423,2-1,4-5-6-7
109,4,1100,130,65,1306.32542485146,800.1047246864243,0.34149300258579873,3-2-1,5-6-7
109,5,18600,140,67,1159.6380432610265,881.1332937459978,9.447716356752018,4-3-2-1,6-7
109,6,2300,148,55,1303.729236482923,994.4362428316847,1.4195233806952778,5-4-3-2-1,7
109,7,700,144,75,1147.75430325413,713.9680500396113,0.38812277220330704,6-5-4-3-2-1,
110,1,53900,135,23,1418.0882632697285,593.5518271095303,26.403436207309362,,2-3-4-5-6-7
110,2,17100,147,56,1238.1200995093786,523.1473315143171,8.310232309041252,1,3-4-5-6-7
110,3,4500,135,40,1277.7705769680972,857.0668629475996,2.324280176123294,2-1,4-5-6-7
110,4,1200,146,57,1030.427069528981,899.6035056124401,0.3201895025370671,3-2-1,5-6-7
110,5,19600,133,87,1286.1283581987518,505.96148701872823,9.425990157173862,4-3-2-1,6-7
110,6,3000,139,37,1144.299426765228,505.4730968621553,1.3595318651994144,5-4-3-2-1,7
110,7,700,146,51,1450.9908216691492,503.4337888832943,0.4358614041064467,6-5-4-3-2-1,
111,1,54500,148,59,1029.056945199472,762.7582981241762,27.359817710926208,,2-3-4-5-6-7
111,2,18400,133,49,1335.6209782734554,766.1839371427341,9.372400664637139,1,3-4-5-6-7
111,3,4500,139,78,1246.2575085480964,805.5343286776222,2.4496114024562288,2-1,4-5-6-7
111,4,1600,149,34,1089.2412477960659,587.9632684557303,0.4595865181073232,3-2-1,5-6-7
111,5,18500,140,94,1169.3910940798512,660.6988706053999,9.461765922749779,4-3-2-1,6-7
111,6,2300,149,32,1271.9213274249064,903.3545006977879,1.4891128899670016,5-4-3-2-1,7
111,7,1000,140,83,1448.4817201649087,661.5243152452288,0.38506584152422996,6-5-4-3-2-1,
112,1,57800,147,58,1372.8017173761996,918.3979105177348,28.300578335596075,,2-3-4-5-6-7
112,2,18400,145,64,1194.1885744756698,911.6504065793235,9.400800939099625,1,3-4-5-6-7
112,3,4300,138,29,1475.7118269314856,717.5646324383559,2.452333795336161,2-1,4-5-6-7
112,4,1600,131,97,1479.963290584899,859.4509771133112,0.31520053276538723,3-2-1,5-6-7
112,5,18400,133,82,1345.1324305845224,780.7832639288767,9.36603097859827,4-3-2-1,6-7
112,6,2600,132,71,1277.3573144834472,869.6709384748658,1.4701155737239828,5-4-3-2-1,7
112,7,900,137,28,1243.7175873442538,550.7774433987245,0.49649074772432306,6-5-4-3-2-1,
113,1,59100,133,68,1442.1294124203027,548.1956474103596,29.482017947582015,,2-3-4-5-6-7
113,2,18000,130,93,1270.401060813495,557.1203097343463,9.449572256052237,1,3-4-5-6-7
113,3,3400,134,97,1297.7971084415697,825.6668789142601,1.4661523784806296,2-1,4-5-6-7
113,4,1100,144,29,1151.8070974327713,868.4340694636562,0.47914229304576295,3-2-1,5-6-7
113,5,17300,149,79,1311.3329955935744,991.7426797479548,8.492025693960572,4-3-2-1,6-7
113,6,2300,141,79,1093.3371479016014,938.2517230744915,1.3654424881753637,5-4-3-2-1,7
113,7,800,139,79,1016.5306796778755,867.51905756058,0.419291793507757,6-5-4-3-2-1,
114,1,56400,147,36,1462.715317538585,851.1594536939265,28.35993738446829,,2-3-4-5-6-7
114,2,19600,140,82,1458.819638131095,591.0974322252882,9.350050499035637,1,3-4-5-6-7
114,3,3100,138,60,1079.8302110049253,798.3993762601363,1.3893315564141102,2-1,4-5-6-7
114,4,1600,133,37,1113.6688784387795,791.0436249479114,0.3894672095724058,3-2-1,5-6-7
114,5,18000,135,66,1148.6545287364581,603.9126425252705,9.465016379522273,4-3-2-1,6-7
114,6,3000,147,54,1062.4620350196908,527.6257306035262,1.4522284874191247,5-4-3-2-1,7
114,7,1000,150,90,1477.5290018798055,571.9301685431293,0.4400081195466711,6-5-4-3-2-1,
115,1,56200,136,89,1116.7390900359028,794.4357252028758,28.477057410727422,,2-3-4-5-6-7
115,2,19700,142,81,1425.5227845474064,731.3438493706263,9.473531744155935,1,3-4-5-6-7
115,3,4800,138,97,1204.8435428717444,988.3343442876601,2.409781706804506,2-1,4-5-6-7
115,4,2000,141,58,1184.6404363366662,832.512085586176,1.4800217133876528,3-2-1,5-6-7
115,5,19100,150,46,1086.5518217754409,974.988396643367,9.314223277826816,4-3-2-1,6-7
115,6,2200,135,65,1313.9987067931272,644.0176226602865,1.3774270783445732,5-4-3-2-1,7
115,7,700,148,23,1219.5909082405096,828.3808851874362,0.41368544551279235,6-5-4-3-2-1,
116,1,58200,134,60,1056.8312956628317,581.8232805659236,29.373172962611427,,2-3-4-5-6-7
116,2,18100,130,99,1458.3460993931149,890.1368090746652,9.340001188596307,1,3-4-5-6-7
116,3,3600,140,94,1300.3693643929157,998.5236662617107,1.4083491419187149,2-1,4-5-6-7
116,4,1900,145,29,1040.1388824363135,662.1530264555546,0.4900707919573267,3-2-1,5-6-7
116,5,17100,133,93,1213.575851241648,903.8291760742109,8.484105207695873,4-3-2-1,6-7
116,6,2400,148,76,1462.7054564474224,517.4321945373798,1.4270820928064112,5-4-3-2-1,7
116,7,700,141,71,1291.5567404900146,895.9935492068204,0.32301879323233534,6-5-4-3-2-1,
117,1,56100,141,90,1030.9321324097662,511.05130306051416,28.313686974234383,,2-3-4-5-6-7
117,2,17500,135,81,1441.9023016292767,682.4921033012947,8.387465974640222,1,3-4-5-6-7
117,3,3900,144,96,1435.4227428871131,887.7207324368808,1.337473122943061,2-1,4-5-6-7
117,4,1300,133,73,1496.0585637242834,827.6150715114261,0.38240055249360144,3-2-1,5-6-7
117,5,19100,132,23,1438.5444321214902,974.0816891941147,9.493371892898914,4-3-2-1,6-7
117,6,2400,150,39,1453.5957237569783,590.2085363177703,1.3045602992866765,5-4-3-2-1,7
117,7,800,144,34,1207.5105683262814,590.0283628833163,0.3237930796351106,6-5-4-3-2-1,
118,1,59600,136,76,1156.1152740215543,892.0138992438165,29.488613569932536,,2-3-4-5-6-7
118,2,19100,139,33,1203.765152608462,513.8006115546774,9.447695676037908,1,3-4-5-6-7
118,3,4500,145,87,1346.7345723321046,717.2328985787359,2.3484960882700454,2-1,4-5-6-7
118,4,2000,146,55,1469.225289411822,713.771962602046,1.3406626635593488,3-2-1,5-6-7
118,5,19900,142,31,1104.3121268223374,668.161207553504,9.490963703864267,4-3-2-1,6-7
118,6,2000,134,99,1303.0055925335728,923.0557954014796,1.3452439120345117,5-4-3-2-1,7
118,7,800,131,34,1130.1617310061233,580.7247449731653,0.48684890753200083,6-5-4-3-2-1,
119,1,56700,132,35,1416.1094945884338,593.6690887198758,28.38189532836996,,2-3-4-5-6-7
119,2,17100,130,29,1081.9610286643858,782.3964396527778,8.422093946332424,1,3-4-5-6-7
119,3,4600,140,89,1169.2729128885865,995.5995923046712,2.4516604523646532,2-1,4-5-6-7
119,4,1100,150,58,1081.4637723623814,562.3764204948882,0.4805297636579409,3-2-1,5-6-7
119,5,19200,145,52,1283.7487171826917,825.2955129510915,9.4443397330625,4-3-2-1,6-7
119,6,2700,138,75,1462.1529628874302,844.937263308829,1.4386368523776711,5-4-3-2-1,7
119,7,900,138,100,1317.551660377852,530.1095567236036,0.3409161450874802,6-5-4-3-2-1,
120,1,55900,131,51,1270.7490192619105,532.3246474473319,27.40208957823328,,2-3-4-5-6-7
120,2,18900,147,66,1151.947654229398,866.1614390885741,9.416652645993453,1,3-4-5-6-7
120,3,4600,132,40,1284.7160955111954,744.5759736884271,2.327692312924281,2-1,4-5-6-7
120,4,1500,131,75,1415.691789160754,512.3735008149184,0.39459433449428327,3-2-1,5-6-7
120,5,18000,148,62,1222.9537426886359,772.9780486779454,9.381355895366827,4-3-2-1,6-7
120,6,2100,149,98,1197.7757292831782,626.7582997054958,1.4652639806841468,5-4-3-2-1,7
120,7,700,135,61,1202.9449255206364,763.679811549798,0.39476337195299926,6-5-4-3-2-1,
121,1,51900,146,30,1309.2527074449663,998.0696271025138,25.46669221961462,,2-3-4-5-6-7
121,2,18700,136,79,1102.155342161209,678.7840905514936,9.392313045379979,1,3-4-5-6-7
121,3,4800,150,50,1027.4390100105115,810.7857490509041,2.3901922692830233,2-1,4-5-6-7
121,4,1000,132,21,1465.8438341584308,759.9960856976996,0.3587446537011497,3-2-1,5-6-7
121,5,18600,130,82,1087.8180923233226,997.2834877170076,9.357870352232581,4-3-2-1,6-7
121,6,2400,137,72,1095.5933844577135,785.0406844911013,1.332449371989022,5-4-3-2-1,7
121,7,800,140,25,1072.6347419654626,869.4312313466837,0.34562087408520337,6-5-4-3-2-1,
122,1,59600,150,23,1442.0460223717973,824.8354484596837,29.46863752891478,,2-3-4-5-6-7
122,2,17200,141,27,1252.2364630873758,779.493394633078,8.356665800021993,1,3-4-5-6-7
122,3,4300,149,31,1198.567096059694,538.1797752049944,2.3079591032606603,2-1,4-5-6-7
122,4,1700,146,86,1054.4894740923949,573.6847761936176,0.4000978762082661,3-2-1,5-6-7
122,5,19800,130,75,1213.8188172694167,847.1524122378294,9.32526970618418,4-3-2-1,6-7
122,6,2400,140,34,1175.2455550211996,624.4275586238729,1.3067448921362126,5-4-3-2-1,7
122,7,1000,136,86,1077.813079636437,971.077884051826,0.4776523312439638,6-5-4-3-2-1,
123,1,53900,150,69,1218.6227420479122,565.524860495655,26.455454760012,,2-3-4-5-6-7
123,2,18400,134,21,1490.4662190888316,728.0641971762133,9.42189321640717,1,3-4-5-6-7
123,3,3300,146,94,1155.288025745731,615.694544208239,1.3667694656669942,2-1,4-5-6-7
123,4,1400,147,99,1184.7422377979435,813.5792790209318,0.4498476569119424,3-2-1,5-6-7
123,5,17100,135,81,1008.5707562484417,699.4612695261765,8.377578353089184,4-3-2-1,6-7
123,6,2700,134,62,1368.9030089276143,713.5783830141646,1.3410154046990719,5-4-3-2-1,7
123,7,800,139,57,1315.373179133025,956.6527455489337,0.4697051013634079,6-5-4-3-2-1,
124,1,59100,142,95,1006.0903651753717,766.0983658058033,29.33338217322274,,2-3-4-5-6-7
124,2,19500,145,48,1145.26100521281,629.8580246821083,9.431096867885296,1,3-4-5-6-7
124,3,3500,149,97,1122.977554875895,610.4541967560992,1.3351261137368877,2-1,4-5-6-7
124,4,1900,135,41,1342.924967192138,737.3507604610509,0.44180746418685346,3-2-1,5-6-7
124,5,17900,143,93,1213.6622621059803,530.1677615831625,8.418682270726647,4-3-2-1,6-7
124,6,2900,144,24,1049.028343540445,842.5860617656317,1.452335218411438,5-4-3-2-1,7
124,7,800,148,46,1158.6629480852346,511.2376224296075,0.48675837689142626,6-5-4-3-2-1,
125,1,58500,142,23,1097.6635187318677,696.9726623088197,29.421318701379896,,2-3-4-5-6-7
125,2,18200,148,79,1475.8504339785811,683.1521653491366,9.375301348516421,1,3-4-5-6-7
125,3,4600,136,24,1288.4679024076659,948.9634867518696,2.320541898135053,2-1,4-5-6-7
125,4,1100,144,62,1334.6238896633492,931.1797934323158,0.4293768112196583,3-2-1,5-6-7
125,5,17900,149,76,1255.0262480137492,808.0787723201361,8.483889174166208,4-3-2-1,6-7
125,6,2900,132,88,1235.7876603276718,897.3168926134463,1.3525813174498746,5-4-3-2-1,7
125,7,900,130,66,1152.76096261466,806.240952594767,0.4145768280573525,6-5-4-3-2-1,
126,1,59100,139,62,1283.581161937859,723.6818987357873,29.483791220940574,,2-3-4-5-6-7
126,2,19100,135,88,1492.154283316001,856.2535370918736,9.360681112008983,1,3-4-5-6-7
126,3,3300,130,27,1166.7657480951814,804.3692120803566,1.3965790752652791,2-1,4-5-6-7
126,4,1000,148,81,1205.4085209402494,632.6062311539628,0.38663234117360656,3-2-1,5-6-7
126,5,19100,148,24,1302.0683728182132,675.921012744236,9.31211749864002,4-3-2-1,6-7
126,6,2600,142,26,1492.325479288722,642.4410682542488,1.4839785049331582,5-4-3-2-1,7
126,7,700,146,47,1064.2876649585162,938.1294592531017,0.33936520358589434,6-5-4-3-2-1,
127,1,53600,136,37,1157.7431179638284,501.63620403573,26.36205876351488,,2-3-4-5-6-7
127,2,18400,149,80,1460.013110273392,880.0657396343063,9.33625047531165,1,3-4-5-6-7
127,3,4600,144,25,1029.0097556798605,867.8359312772457,2.489789519860202,2-1,4-5-6-7
127,4,1100,148,98,1287.4371200321953,526.7642272125811,0.3256807011882236,3-2-1,5-6-7
127,5,18200,136,97,1143.7015831606334,875.8456631137349,9.3826106684018,4-3-2-1,6-7
127,6,2800,147,61,1012.8446095491759,735.8289500577243,1.3410593888632483,5-4-3-2-1,7
127,7,1000,146,85,1234.7424036784182,813.3018002366998,0.4246493333000845,6-5-4-3-2-1,
128,1,57800,150,61,1451.479149838421,540.1402949659621,28.425664683610588,,2-3-4-5-6-7
128,2,19000,131,67,1113.133010313756,762.0399962176034,9.445053635441663,1,3-4-5-6-7
128,3,4600,148,76,1051.9532300471935,969.2562208087329,2.3766350539347965,2-1,4-5-6-7
128,4,1700,136,62,1104.4761816128105,843.6966979247035,0.47264140069538935,3-2-1,5-6-7
128,5,19500,138,85,1485.5075906218613,701.8385134094027,9.381261098528649,4-3-2-1,6-7
128,6,2400,135,23,1227.321572224024,893.5314956523216,1.4743662144290917,5-4-3-2-1,7
128,7,1000,145,49,1346.8705466149268,854.3658957353086,0.4272498562584794,6-5-4-3-2-1,
129,1,57500,139,56,1145.8729021374172,887.1825113156809,28.46567359512247,,2-3-4-5-6-7
129,2,19300,146,84,1248.2878449047928,969.3657654979621,9.38502655792302,1,3-4-5-6-7
129,3,4700,136,82,1157.5920494126951,661.8941944401392,2.444723408718773,2-1,4-5-6-7
129,4,1800,134,38,1486.7215290149825,585.9190942974224,0.4128690981247019,3-2-1,5-6-7
129,5,17900,141,58,1284.7208158344536,869.948812176285,8.327076088627177,4-3-2-1,6-7
129,6,2700,140,31,1292.3675170654833,976.2735394146911,1.3785017223082554,5-4-3-2-1,7
129,7,1000,144,88,1191.5856310765134,861.922294976205,0.4745976686544693,6-5-4-3-2-1,
130,1,54700,142,60,1382.0883228592,862.5302543484488,27.40069413601788,,2-3-4-5-6-7
130,2,19000,137,67,1142.66893618868,737.9841025404569,9.444468585091608,1,3-4-5-6-7
130,3,4600,138,78,1120.7533391661316,682.6804784682469,2.4118975306871495,2-1,4-5-6-7
130,4,1500,132,40,1168.20514419849,678.8328582522738,0.47942214792491145,3-2-1,5-6-7
130,5,19700,134,39,1107.8168058295366,647.9004588808343,9.333058389171136,4-3-2-1,6-7
130,6,2500,139,35,1353.314457270484,836.0278107083623,1.4524420814934453,5-4-3-2-1,7
130,7,800,130,61,1160.3700991801504,943.729093494971,0.34602300341076775,6-5-4-3-2-1,
131,1,59700,141,32,1300.131229289717,616.9614420531732,29.474748989477465,,2-3-4-5-6-7
131,2,17200,139,99,1043.4233434981168,640.3088319333078,8.403213997523041,1,3-4-5-6-7
131,3,3100,141,63,1271.0413682013195,722.6406576869916,1.4790337607862742,2-1,4-5-6-7
131,4,1900,146,73,1190.670955721157,573.4630491503483,0.47856689035772754,3-2-1,5-6-7
131,5,17600,150,73,1058.573208153851,921.8010344416506,8.427424653893329,4-3-2-1,6-7
131,6,2400,136,87,1473.8793363379123,987.9522240699271,1.3003343078587344,5-4-3-2-1,7
131,7,700,150,41,1471.9459658071455,988.2608217189552,0.4152776184774319,6-5-4-3-2-1,
132,1,53700,144,26,1295.5925562649663,635.2581913155545,26.462321793736514,,2-3-4-5-6-7
132,2,19700,137,92,1377.6604743035232,538.1435038258916,9.462119263421934,1,3-4-5-6-7
132,3,3100,148,46,1451.2594074041738,531.493379467402,1.488190369303221,2-1,4-5-6-7
132,4,1200,145,55,1397.5402139381445,730.0307966306148,0.36042062662514707,3-2-1,5-6-7
132,5,17400,134,86,1176.3603329726573,947.4991403869044,8.377625489961762,4-3-2-1,6-7
132,6,2400,145,62,1256.2609960779887,829.4633095801325,1.30913901984036,5-4-3-2-1,7
132,7,800,136,98,1387.4886895836244,967.2327060875905,0.40817883496015356,6-5-4-3-2-1,
133,1,57300,131,32,1078.8226094487086,636.6329119824147,28.42519322607833,,2-3-4-5-6-7
133,2,18900,131,46,1438.8608596108566,579.4121899269221,9.308568263747807,1,3-4-5-6-7
133,3,3100,136,53,1057.272309574761,540.8800566740463,1.3075297478421302,2-1,4-5-6-7
133,4,1400,148,93,1054.5960555730492,614.4748900560911,0.4345535491959115,3-2-1,5-6-7
133,5,19300,145,76,1003.5635330447692,540.4067975844627,9.411741035072158,4-3-2-1,6-7
133,6,2400,141,79,1322.1486414791207,769.6063515252323,1.493860905935348,5-4-3-2-1,7
133,7,900,142,49,1283.7136677110254,704.069759655534,0.40749084955729303,6-5-4-3-2-1,
134,1,54000,130,39,1353.5275883272375,875.9912545504477,27.362013776561657,,2-3-4-5-6-7
134,2,19500,130,43,1170.1438328801646,980.6044357397491,9.353942798443798,1,3-4-5-6-7
134,3,4200,148,29,1455.4396592926187,511.27259761703664,2.368399464298404,2-1,4-5-6-7
134,4,1400,139,65,1247.8237479952988,523.6872627807377,0.3394195673685352,3-2-1,5-6-7
134,5,17000,136,45,1072.3198849252763,891.8700955676509,8.463581780367653,4-3-2-1,6-7
134,6,2800,144,50,1155.7798740707954,811.8551759718696,1.4921348256594544,5-4-3-2-1,7
134,7,900,131,77,1003.0454265136096,662.2005662023107,0.33960889386520093,6-5-4-3-2-1,
135,1,54500,144,98,1488.2822171478065,605.1564898731672,27.338385821033036,,2-3-4-5-6-7
135,2,17100,149,82,1406.430974106652,876.1770346746333,8.399816304985933,1,3-4-5-6-7
135,3,3200,144,47,1021.9078864254275,546.8917543941503,1.364482127573281,2-1,4-5-6-7
135,4,1100,133,79,1460.45824407615,618.509653866276,0.4727125882294745,3-2-1,5-6-7
135,5,18100,142,90,1440.1015236353428,887.9589105523662,9.364907415774244,4-3-2-1,6-7
135,6,2800,137,98,1048.757785074944,962.8894309974573,1.3321667166369533,5-4-3-2-1,7
135,7,1000,142,42,1066.5276511353466,624.8533219337407,0.4523731213378962,6-5-4-3-2-1,
136,1,58700,134,80,1389.4169898904922,666.0285826141793,29.370464166620675,,2-3-4-5-6-7
136,2,17000,134,53,1466.3545580553537,516.7622161418715,8.325519309003951,1,3-4-5-6-7
136,3,3600,144,21,1090.4217483745804,934.9397226832077,1.3485054274305281,2-1,4-5-6-7
136,4,1100,145,100,1154.4570162289947,859.986002736628,0.3397367282508233,3-2-1,5-6-7
136,5,17100,146,81,1017.0780926589646,912.4534999779556,8.402682218981482,4-3-2-1,6-7
136,6,2300,132,91,1328.346682887775,822.2813907286792,1.3079905252017843,5-4-3-2-1,7
136,7,1000,132,60,1275.6432763135542,538.1434615615037,0.42961357567662783,6-5-4-3-2-1,
137,1,52800,148,35,1274.262378881349,569.5150338412162,26.456464719861263,,2-3-4-5-6-7
137,2,18800,139,50,1270.8100822276924,931.0660769865982,9.447431092558864,1,3-4-5-6-7
137,3,3100,146,41,1036.5470508872108,780.5288455393265,1.3665847522748809,2-1,4-5-6-7
137,4,2000,139,77,1482.378096193797,591.5243031385706,1.336350953923323,3-2-1,5-6-7
137,5,18500,133,54,1063.1213301211305,827.1377923131427,9.42718967775913,4-3-2-1,6-7
137,6,2600,150,39,1017.5525320628066,512.509031353425,1.3145247338846284,5-4-3-2-1,7
137,7,800,142,23,1436.8560428443686,536.1208972025624,0.3485479149049638,6-5-4-3-2-1,
138,1,55900,140,90,1320.3030875906898,585.3165700400261,27.363056680749725,,2-3-4-5-6-7
138,2,17800,150,38,1233.4979723517395,607.1154453753794,8.488024635513623,1,3-4-5-6-7
138,3,4100,139,48,1388.9495772266982,794.8233923558321,2.3583573326782186,2-1,4-5-6-7
138,4,1100,146,56,1015.4411913649618,557.3946439714022,0.3250152360034166,3-2-1,5-6-7
138,5,17300,148,87,1223.0101027383066,680.3040022742423,8.429271370150838,4-3-2-1,6-7
138,6,2800,149,33,1095.8302062103994,503.0198564596376,1.408929214991712,5-4-3-2-1,7
138,7,700,136,70,1055.7229980241414,526.402415602873,0.4812318617910765,6-5-4-3-2-1,
139,1,52700,147,92,1253.3468454694898,618.9443148043016,26.431978018253684,,2-3-4-5-6-7
139,2,17300,142,65,1301.2226647874147,587.8309890297428,8.346316881592129,1,3-4-5-6-7
139,3,4300,135,66,1330.832173480821,925.9544697499457,2.4042240419972094,2-1,4-5-6-7
139,4,1200,135,60,1484.979101240696,531.361738426408,0.4249630655331047,3-2-1,5-6-7
139,5,17200,140,71,1000.811209786067,861.1839862306518,8.372004150720247,4-3-2-1,6-7
139,6,2900,143,80,1331.4801623386359,614.4862759151436,1.3100804342631533,5-4-3-2-1,7
139,7,900,140,38,1317.0305512473342,923.5247944894159,0.4458621787280318,6-5-4-3-2-1,
140,1,59700,141,77,1467.7595488784368,566.1298520322553,29.454068431309235,,2-3-4-5-6-7
140,2,19600,132,85,1226.1816382531965,766.8857455347281,9.42375227831328,1,3-4-5-6-7
140,3,5000,142,46,1396.4899771103192,521.4260572345553,2.4973277978184236,2-1,4-5-6-7
140,4,1800,132,83,1109.777241703282,737.5341254850343,0.34093002091840213,3-2-1,5-6-7
140,5,17600,132,37,1397.8160562775217,806.237422409752,8.499915270006698,4-3-2-1,6-7
140,6,2100,145,87,1183.8169962139689,643.4354436224278,1.4617169412854145,5-4-3-2-1,7
140,7,700,144,86,1271.2293614096288,506.4156785212392,0.3945092043819331,6-5-4-3-2-1,
141,1,59600,139,64,1429.6964301821038,930.6814574878574,29.435952502408732,,2-3-4-5-6-7
141,2,19600,140,30,1156.368974069353,871.8819481069363,9.459842506231182,1,3-4-5-6-7
141,3,3700,136,55,1183.6238017368444,916.2375937626365,1.4089791244640488,2-1,4-5-6-7
141,4,1500,140,33,1424.7259113190098,534.5895662368198,0.48703892283256706,3-2-1,5-6-7
141,5,18800,139,97,1055.1221031509385,837.9068913791427,9.46859408614729,4-3-2-1,6-7
141,6,2400,134,33,1041.0134639545224,965.3511917394574,1.4028557219173385,5-4-3-2-1,7
141,7,1000,139,64,1323.8175885778007,813.6720590576386,0.3989516474472071,6-5-4-3-2-1,
142,1,53800,148,21,1058.338007728901,869.3955418849865,26.388040567353045,,2-3-4-5-6-7
142,2,18600,148,46,1158.5012059301996,995.5842937429227,9.488471271382112,1,3-4-5-6-7
142,3,4200,138,40,1109.6523421275404,538.9265200998441,2.401259012189933,2-1,4-5-6-7
142,4,1200,133,58,1088.7385468364787,745.2628915373559,0.3491707970451345,3-2-1,5-6-7
142,5,17200,145,71,1239.1660209331594,796.3598639355955,8.462790649232842,4-3-2-1,6-7
142,6,2700,137,75,1150.9272401625572,674.1279666129599,1.302920879116704,5-4-3-2-1,7
142,7,800,133,69,1246.9931039564315,794.3099529522387,0.36368446850334457,6-5-4-3-2-1,
143,1,54200,145,45,1342.4622343820813,848.4531408924735,27.37396746876668,,2-3-4-5-6-7
143,2,20000,143,79,1332.6348032611327,806.5369649307288,10.440420321701405,1,3-4-5-6-7
143,3,3200,143,20,1418.761986100051,963.1889677531342,1.4372212555842978,2-1,4-5-6-7
143,4,2000,133,86,1463.347651293474,986.7790067868366,1.4989625054010016,3-2-1,5-6-7
143,5,17500,130,40,1106.290990973635,703.4699721363404,8.383446615302958,4-3-2-1,6-7
143,6,2600,147,77,1330.408574292667,731.7745065725883,1.4876462567000772,5-4-3-2-1,7
143,7,900,142,51,1329.618313135017,714.8231907077651,0.39112384105514514,6-5-4-3-2-1,
144,1,53400,147,93,1380.5661503933093,771.5888746336026,26.499105703679284,,2-3-4-5-6-7
144,2,19500,141,90,1294.3369350756848,987.7544143765538,9.460055025071883,1,3-4-5-6-7
144,3,4100,131,28,1407.5064903170748,760.9701925990538,2.3618278690661696,2-1,4-5-6-7
144,4,1900,132,49,1480.014840685977,525.7271071174903,0.35328641947471456,3-2-1,5-6-7
144,5,17200,137,74,1146.7470815001184,575.3011194278243,8.367543920396555,4-3-2-1,6-7
144,6,2800,144,81,1127.1753618236507,953.9749938168694,1.4667997167865146,5-4-3-2-1,7
144,7,700,136,34,1044.398429920593,704.7059819946071,0.42209516685174975,6-5-4-3-2-1,
145,1,52300,134,89,1439.8727157898488,996.8159593233459,26.388914955980706,,2-3-4-5-6-7
145,2,17600,142,38,1427.1558634882367,868.0832168053012,8.487448735156997,1,3-4-5-6-7
145,3,4300,144,36,1179.2088995664806,790.0425537836732,2.317038331875573,2-1,4-5-6-7
145,4,1800,141,20,1222.1569858700188,500.33318955776696,0.3437068015507442,3-2-1,5-6-7
145,5,17400,148,30,1198.2851410009018,625.6941595336745,8.447974112124152,4-3-2-1,6-7
145,6,2200,139,21,1002.0213831866517,536.3982835232836,1.4134269675085278,5-4-3-2-1,7
145,7,900,138,38,1105.9900659633017,571.2116380523435,0.4001867559820006,6-5-4-3-2-1,
146,1,53500,138,22,1386.4553915540139,816.1291842902494,26.499456576599353,,2-3-4-5-6-7
146,2,18400,134,81,1205.2739883225977,914.9025627822624,9.375024600627174,1,3-4-5-6-7
146,3,3700,131,22,1120.2356896780907,763.6759184902376,1.4893431439689464,2-1,4-5-6-7
146,4,1900,140,53,1034.1798789677441,563.173102930697,0.4792304868637242,3-2-1,5-6-7
146,5,19800,144,99,1148.5676246267099,732.8324230519207,9.322256779651612,4-3-2-1,6-7
146,6,2900,138,25,1010.1950384690327,750.8601891652261,1.3677238284044362,5-4-3-2-1,7
146,7,700,135,48,1005.1841108199111,774.3639721241386,0.48579513939722085,6-5-4-3-2-1,
147,1,58800,139,90,1452.0498974379461,530.2942712326674,29.31608478984093,,2-3-4-5-6-7
147,2,19000,141,64,1105.4420082929078,995.0234427197782,9.313782675973938,1,3-4-5-6-7
147,3,4000,142,48,1274.109138952223,639.5415938792016,2.350249025402656,2-1,4-5-6-7
147,4,1400,135,63,1429.768941283848,517.9521372892185,0.44529049880825694,3-2-1,5-6-7
147,5,18500,131,33,1061.3759583875853,890.0652330836956,9.430171899981325,4-3-2-1,6-7
147,6,2900,130,83,1212.5594325815523,578.738581801052,1.3999785599584191,5-4-3-2-1,7
147,7,900,146,66,1345.6271412814442,866.2425005625142,0.3615855048169055,6-5-4-3-2-1,
148,1,51900,149,46,1043.316018052333,508.31397846181494,25.480243711931806,,2-3-4-5-6-7
148,2,18600,136,52,1036.9764614348899,958.1472414300011,9.444193589374496,1,3-4-5-6-7
148,3,3100,144,70,1208.2180072753488,683.2689711133431,1.4343834907357942,2-1,4-5-6-7
148,4,1700,144,67,1476.3051462213548,843.8095910309413,0.37373639212615317,3-2-1,5-6-7
148,5,17600,136,32,1157.5316602789803,604.4294829874091,8.481515270752007,4-3-2-1,6-7
148,6,2600,149,77,1417.4572697358365,762.1625356920262,1.421084591301058,5-4-3-2-1,7
148,7,1000,134,45,1284.29774204479,899.3959427558605,0.31567852946561675,6-5-4-3-2-1,
149,1,51800,144,67,1052.2444173383694,745.9959816238736,25.44949259458985,,2-3-4-5-6-7
149,2,18300,148,85,1185.0855302724756,512.7304751741059,9.46140884797459,1,3-4-5-6-7
149,3,3900,144,92,1192.800759722226,735.4892521256561,1.383113477089314,2-1,4-5-6-7
149,4,1600,148,57,1453.292144592963,538.1244071611578,0.46418136853804776,3-2-1,5-6-7
149,5,19900,132,60,1295.9058288020497,801.8129278223608,9.311733744063158,4-3-2-1,6-7
149,6,2300,135,47,1100.9513320213675,771.3797632550254,1.432478184352547,5-4-3-2-1,7
149,7,700,132,62,1227.2337158986868,874.247231864955,0.34239113693353346,6-5-4-3-2-1,
150,1,55700,137,92,1261.6507210907598,557.0803025574721,27.49004313984623,,2-3-4-5-6-7
150,2,19500,145,85,1418.1554545634488,558.4111777586376,9.4044206676947,1,3-4-5-6-7
150,3,4900,131,93,1203.761181739952,511.5550512345201,2.4043688597598614,2-1,4-5-6-7
150,4,1800,142,77,1171.6505380687854,730.82644991848,0.3610893571774079,3-2-1,5-6-7
150,5,18600,131,89,1406.5755359652612,836.3464931978988,9.40928751288991,4-3-2-1,6-7
150,6,2500,142,85,1099.1485913885092,786.4259306734302,1.3643827864505638,5-4-3-2-1,7
150,7,800,150,57,1123.9056584553814,738.4191321556158,0.4001041985796924,6-5-4-3-2-1,
